Entfernung [m],HÃ¶henunterschied [m],Zeit [s],Geschwindigkeit [m/s],Geschwindigkeit [km/h]
2066.434760,945.000000,759.000000,2.722575,9.801272
4.869329,-1.000000,1.000000,4.869329,17.529583
10.733722,-1.400000,1.000000,10.733722,38.641400
11.818027,-2.600000,1.000000,11.818027,42.544898
11.938748,-4.200000,1.000000,11.938748,42.979494
20.190887,-1.600000,2.000000,10.095443,36.343596
18.190383,-1.000000,2.000000,9.095192,32.742690
17.119041,-1.000000,2.000000,8.559520,30.814273
8.686279,-0.800000,1.000000,8.686279,31.270606
8.435123,-1.000000,1.000000,8.435123,30.366442
13.419153,-0.600000,2.000000,6.709577,24.154476
4.386971,-0.200000,3.000000,1.462324,5.264365
0.572272,0.000000,4.000000,0.143068,0.515045
13.753316,-1.800000,38.000000,0.361929,1.302946
3.412326,-0.200000,1.000000,3.412326,12.284373
12.237077,-1.600000,2.000000,6.118538,22.026738
8.727833,-2.800000,1.000000,8.727833,31.420198
9.033011,-1.000000,1.000000,9.033011,32.518839
9.632707,-1.200000,1.000000,9.632707,34.677746
10.336918,-2.800000,1.000000,10.336918,37.212906
10.735539,-2.600000,1.000000,10.735539,38.647940
10.129460,-1.600000,1.000000,10.129460,36.466056
11.009321,-3.200000,1.000000,11.009321,39.633557
11.391948,-3.200000,1.000000,11.391948,41.011011
10.660145,-2.400000,1.000000,10.660145,38.376520
11.348759,-4.000000,1.000000,11.348759,40.855534
10.308666,-3.000000,1.000000,10.308666,37.111198
9.841764,-2.600000,1.000000,9.841764,35.430349
9.268517,-1.000000,1.000000,9.268517,33.366661
9.433626,-1.200000,1.000000,9.433626,33.961054
18.618508,-1.800000,2.000000,9.309254,33.513314
7.735880,-1.400000,1.000000,7.735880,27.849169
5.156705,-1.400000,1.000000,5.156705,18.564137
2.747136,-0.200000,1.000000,2.747136,9.889689
1.637095,-0.200000,1.000000,1.637095,5.893542
1.804788,-0.600000,2.000000,0.902394,3.248618
1.134839,-0.200000,1.000000,1.134839,4.085421
3.283279,-0.400000,2.000000,1.641639,5.909902
8.084772,-1.000000,2.000000,4.042386,14.552590
5.178043,-1.400000,1.000000,5.178043,18.640956
6.076631,-2.000000,1.000000,6.076631,21.875872
13.157350,-1.400000,2.000000,6.578675,23.683230
6.623859,-0.400000,1.000000,6.623859,23.845893
6.238387,-0.800000,1.000000,6.238387,22.458194
6.604072,-1.400000,1.000000,6.604072,23.774659
14.449700,-3.800000,2.000000,7.224850,26.009461
7.514675,-1.200000,1.000000,7.514675,27.052830
9.127904,-2.000000,1.000000,9.127904,32.860456
10.284722,-1.400000,1.000000,10.284722,37.024998
11.264117,-4.200000,1.000000,11.264117,40.550821
11.631454,-1.800000,1.000000,11.631454,41.873233
11.751733,-1.400000,1.000000,11.751733,42.306237
10.990725,-2.000000,1.000000,10.990725,39.566610
22.153806,-3.600000,2.000000,11.076903,39.876851
10.087340,-2.400000,1.000000,10.087340,36.314423
8.664232,-2.200000,1.000000,8.664232,31.191235
8.335792,-1.800000,1.000000,8.335792,30.008851
7.341491,-3.000000,1.000000,7.341491,26.429366
5.651259,-2.200000,1.000000,5.651259,20.344534
8.950655,-1.200000,2.000000,4.475328,16.111180
11.039077,-1.600000,2.000000,5.519538,19.870338
5.196831,-0.800000,1.000000,5.196831,18.708590
4.182914,-1.800000,1.000000,4.182914,15.058490
3.579901,-0.600000,3.000000,1.193300,4.295882
5.949442,-0.600000,4.000000,1.487360,5.354497
3.554280,-2.000000,1.000000,3.554280,12.795409
10.142978,-0.600000,2.000000,5.071489,18.257360
8.611162,-2.000000,1.000000,8.611162,31.000184
9.988278,-3.800000,1.000000,9.988278,35.957803
12.728589,-4.200000,1.000000,12.728589,45.822919
15.241283,-2.000000,1.000000,15.241283,54.868621
16.404078,-6.800000,1.000000,16.404078,59.054681
15.457056,-4.400000,1.000000,15.457056,55.645403
17.087073,-2.000000,1.000000,17.087073,61.513461
16.969433,-4.000000,1.000000,16.969433,61.089958
16.384676,-1.200000,1.000000,16.384676,58.984833
16.271491,-1.200000,1.000000,16.271491,58.577368
14.812430,-0.800000,1.000000,14.812430,53.324749
13.785571,-0.400000,1.000000,13.785571,49.628057
25.361012,-2.400000,2.000000,12.680506,45.649822
11.473598,-1.200000,1.000000,11.473598,41.304955
19.365161,-1.200000,2.000000,9.682581,34.857290
29.190286,-3.200000,3.000000,9.730095,35.028343
11.257699,-3.600000,1.000000,11.257699,40.527718
11.190096,-1.200000,1.000000,11.190096,40.284346
12.016747,-0.400000,1.000000,12.016747,43.260291
13.195175,-5.000000,1.000000,13.195175,47.502629
12.715324,-1.600000,1.000000,12.715324,45.775166
14.646566,-5.600000,1.000000,14.646566,52.727639
14.136048,-2.800000,1.000000,14.136048,50.889772
13.386557,-3.200000,1.000000,13.386557,48.191607
12.338286,-1.600000,1.000000,12.338286,44.417831
10.989550,-2.000000,1.000000,10.989550,39.562381
9.517291,0.000000,1.000000,9.517291,34.262249
11.782667,8.800000,1.000000,11.782667,42.417600
67.103236,0.400000,19.000000,3.531749,12.714297
2.555332,-0.200000,1.000000,2.555332,9.199194
21.134563,-1.600000,4.000000,5.283641,19.021107
8.915576,-0.800000,2.000000,4.457788,16.048037
9.385366,-0.200000,3.000000,3.128455,11.262439
4.463892,-0.200000,2.000000,2.231946,8.035005
14.876747,-1.000000,5.000000,2.975349,10.711258
5.474499,-0.800000,1.000000,5.474499,19.708196
6.880917,-1.000000,1.000000,6.880917,24.771302
6.850623,-2.200000,1.000000,6.850623,24.662244
6.843968,-2.200000,1.000000,6.843968,24.638286
12.747078,-2.600000,2.000000,6.373539,22.944740
7.364742,-2.400000,1.000000,7.364742,26.513069
16.665547,-1.600000,2.000000,8.332774,29.997985
9.376305,-1.200000,1.000000,9.376305,33.754699
10.002710,-1.200000,1.000000,10.002710,36.009757
10.301673,-1.000000,1.000000,10.301673,37.086021
9.207891,-1.800000,1.000000,9.207891,33.148409
8.039168,-0.600000,1.000000,8.039168,28.941004
7.449270,-0.400000,1.000000,7.449270,26.817370
20.590167,-2.400000,3.000000,6.863389,24.708201
6.638754,-1.400000,1.000000,6.638754,23.899515
6.659899,-0.800000,1.000000,6.659899,23.975636
7.512664,-1.200000,1.000000,7.512664,27.045590
9.487954,-1.600000,1.000000,9.487954,34.156635
10.616154,-1.600000,1.000000,10.616154,38.218156
13.344272,-4.400000,1.000000,13.344272,48.039377
13.427017,-2.600000,1.000000,13.427017,48.337262
13.025255,-1.600000,1.000000,13.025255,46.890917
12.396152,-1.800000,1.000000,12.396152,44.626146
8.878134,-0.400000,1.000000,8.878134,31.961283
7.384647,-0.600000,1.000000,7.384647,26.584728
11.060065,-0.600000,2.000000,5.530032,19.908116
5.398364,-0.400000,1.000000,5.398364,19.434109
5.298215,-0.200000,1.000000,5.298215,19.073573
8.590779,-0.800000,3.000000,2.863593,10.308935
1.125984,0.000000,1.000000,1.125984,4.053542
0.898621,0.000000,5.000000,0.179724,0.647007
0.112146,0.000000,1.000000,0.112146,0.403727
6.466260,-1.400000,38.000000,0.170165,0.612593
1.558935,0.000000,1.000000,1.558935,5.612165
9.372656,-0.200000,3.000000,3.124219,11.247187
17.718224,-0.800000,5.000000,3.543645,12.757121
4.521494,-0.200000,1.000000,4.521494,16.277377
8.091944,-0.600000,2.000000,4.045972,14.565499
4.773556,-0.200000,1.000000,4.773556,17.184801
15.712357,-0.800000,3.000000,5.237452,18.854828
4.196765,-0.400000,1.000000,4.196765,15.108355
3.974290,-0.200000,1.000000,3.974290,14.307444
13.769753,-0.600000,3.000000,4.589918,16.523704
4.391995,-0.200000,1.000000,4.391995,15.811182
24.007515,-1.000000,6.000000,4.001252,14.404509
3.871298,-0.200000,4.000000,0.967825,3.484169
14.461397,-0.400000,4.000000,3.615349,13.015257
4.670055,-0.200000,1.000000,4.670055,16.812198
10.672576,-0.400000,2.000000,5.336288,19.210637
5.360483,0.000000,1.000000,5.360483,19.297738
5.190555,-0.200000,1.000000,5.190555,18.685999
5.283464,-0.200000,1.000000,5.283464,19.020471
5.505515,0.000000,1.000000,5.505515,19.819853
4.945727,-0.400000,1.000000,4.945727,17.804618
16.158341,-0.400000,3.000000,5.386114,19.390009
7.048512,-0.200000,1.000000,7.048512,25.374644
19.627368,-0.600000,5.000000,3.925474,14.131705
11.146960,-0.200000,3.000000,3.715653,13.376352
5.189999,-0.600000,2.000000,2.595000,9.341999
4.791055,0.000000,1.000000,4.791055,17.247797
6.459701,-0.200000,2.000000,3.229850,11.627462
10.599055,-0.600000,3.000000,3.533018,12.718865
4.456133,-0.200000,1.000000,4.456133,16.042078
4.557916,0.000000,1.000000,4.557916,16.408496
16.704524,-0.800000,4.000000,4.176131,15.034071
3.002858,-0.200000,1.000000,3.002858,10.810289
7.874303,0.000000,2.000000,3.937151,14.173745
35.772017,-1.000000,6.000000,5.962003,21.463210
4.739570,-0.200000,1.000000,4.739570,17.062454
14.192696,-0.200000,3.000000,4.730899,17.031235
8.178725,-0.200000,2.000000,4.089362,14.721704
12.073973,-0.200000,3.000000,4.024658,14.488768
10.702595,-0.400000,3.000000,3.567532,12.843115
4.340667,0.000000,1.000000,4.340667,15.626400
25.002470,-0.800000,5.000000,5.000494,18.001778
9.623489,-0.400000,2.000000,4.811744,17.322280
11.960119,-0.200000,3.000000,3.986706,14.352143
22.934279,-0.200000,6.000000,3.822380,13.760567
6.877348,0.000000,3.000000,2.292449,8.252817
1.771216,0.200000,2.000000,0.885608,3.188188
13.408142,-0.400000,7.000000,1.915449,6.895616
7.941008,-0.200000,4.000000,1.985252,7.146907
13.185848,-0.200000,5.000000,2.637170,9.493811
5.783841,-0.400000,3.000000,1.927947,6.940609
12.884042,-0.200000,8.000000,1.610505,5.797819
6.427850,0.400000,5.000000,1.285570,4.628052
0.533455,0.000000,1.000000,0.533455,1.920437
6.228177,-0.800000,5.000000,1.245635,4.484288
2.137482,-0.200000,2.000000,1.068741,3.847467
0.675077,0.000000,1.000000,0.675077,2.430276
0.800181,0.000000,3.000000,0.266727,0.960217
0.266727,0.000000,1.000000,0.266727,0.960217
19.169248,-1.000000,49.000000,0.391209,1.408353
9.201865,-0.400000,3.000000,3.067288,11.042238
13.360364,-0.800000,4.000000,3.340091,12.024327
6.591253,-0.200000,2.000000,3.295627,11.864256
21.395437,-0.800000,7.000000,3.056491,11.003368
18.738579,-1.000000,6.000000,3.123097,11.243148
5.455537,0.000000,2.000000,2.727768,9.819967
13.049275,-0.400000,5.000000,2.609855,9.395478
10.370175,-0.600000,3.000000,3.456725,12.444211
10.108498,-0.600000,3.000000,3.369499,12.130197
8.596762,-0.800000,2.000000,4.298381,15.474172
16.746657,-1.400000,3.000000,5.582219,20.095988
6.848138,-0.600000,1.000000,6.848138,24.653295
7.540479,-0.800000,1.000000,7.540479,27.145725
8.054396,-1.000000,1.000000,8.054396,28.995827
8.040816,-1.200000,1.000000,8.040816,28.946939
17.758783,-1.800000,2.000000,8.879391,31.965809
9.244276,-1.000000,1.000000,9.244276,33.279395
9.753936,-1.000000,1.000000,9.753936,35.114171
20.421113,-3.200000,2.000000,10.210556,36.758003
11.795383,-1.400000,1.000000,11.795383,42.463381
14.224663,-1.000000,1.000000,14.224663,51.208785
14.412972,-3.200000,1.000000,14.412972,51.886700
14.284113,-2.000000,1.000000,14.284113,51.422808
13.963983,-1.800000,1.000000,13.963983,50.270338
13.034183,-2.000000,1.000000,13.034183,46.923059
10.181956,-1.200000,1.000000,10.181956,36.655042
13.090110,-3.200000,1.000000,13.090110,47.124396
26.950404,-3.000000,2.000000,13.475202,48.510727
21.235509,-1.600000,2.000000,10.617755,38.223917
15.970397,-1.000000,2.000000,7.985198,28.746714
14.799635,-0.800000,2.000000,7.399817,26.639343
14.131646,-0.400000,2.000000,7.065823,25.436963
9.005786,-1.800000,2.000000,4.502893,16.210415
9.865347,-0.600000,1.000000,9.865347,35.515249
8.981789,-0.400000,4.000000,2.245447,8.083610
9.504203,-3.400000,43.000000,0.221028,0.795701
9.907186,-4.200000,1.000000,9.907186,35.665869
12.386361,-2.000000,1.000000,12.386361,44.590900
9.322729,-2.200000,1.000000,9.322729,33.561825
9.078626,-4.600000,1.000000,9.078626,32.683054
11.309143,-4.200000,1.000000,11.309143,40.712915
12.057345,-3.200000,1.000000,12.057345,43.406442
11.622480,-2.400000,1.000000,11.622480,41.840927
11.712668,-4.800000,1.000000,11.712668,42.165605
11.678182,-3.000000,1.000000,11.678182,42.041457
10.912060,-2.400000,1.000000,10.912060,39.283415
9.883274,-2.200000,1.000000,9.883274,35.579786
9.847674,-2.800000,1.000000,9.847674,35.451627
9.790505,-3.600000,1.000000,9.790505,35.245816
9.476318,-2.600000,1.000000,9.476318,34.114745
9.543946,-2.400000,1.000000,9.543946,34.358206
8.758132,-3.200000,1.000000,8.758132,31.529275
7.919709,-3.000000,1.000000,7.919709,28.510954
5.037710,-2.200000,1.000000,5.037710,18.135757
7.390184,-1.400000,2.000000,3.695092,13.302331
5.735558,0.000000,6.000000,0.955926,3.441335
7.471844,-4.800000,91.000000,0.082108,0.295589
7.352315,-4.600000,1.000000,7.352315,26.468335
7.236501,-3.400000,1.000000,7.236501,26.051405
7.334282,-3.600000,1.000000,7.334282,26.403415
7.637610,-4.200000,1.000000,7.637610,27.495394
7.778921,-3.400000,1.000000,7.778921,28.004114
6.821338,-3.600000,1.000000,6.821338,24.556817
8.924304,-4.000000,1.000000,8.924304,32.127494
8.027382,-4.600000,1.000000,8.027382,28.898576
6.930515,-3.200000,1.000000,6.930515,24.949854
7.287452,-3.200000,1.000000,7.287452,26.234827
8.390845,-4.600000,1.000000,8.390845,30.207044
7.823694,-3.800000,1.000000,7.823694,28.165299
8.361938,-4.600000,1.000000,8.361938,30.102977
7.275777,-2.200000,1.000000,7.275777,26.192799
7.173985,-3.400000,1.000000,7.173985,25.826344
8.027297,-4.400000,1.000000,8.027297,28.898269
8.218765,-4.000000,1.000000,8.218765,29.587556
9.234050,-4.800000,1.000000,9.234050,33.242582
9.043756,-3.000000,1.000000,9.043756,32.557521
8.291457,-2.600000,1.000000,8.291457,29.849247
8.919461,-5.400000,1.000000,8.919461,32.110059
8.930053,-3.600000,1.000000,8.930053,32.148190
8.479694,-2.000000,1.000000,8.479694,30.526898
9.772450,-3.000000,1.000000,9.772450,35.180821
9.577491,-2.800000,1.000000,9.577491,34.478966
9.910424,-3.400000,1.000000,9.910424,35.677528
9.739204,-2.600000,1.000000,9.739204,35.061135
9.819090,-2.000000,1.000000,9.819090,35.348723
10.002763,-3.000000,1.000000,10.002763,36.009945
9.682109,-2.000000,1.000000,9.682109,34.855591
9.776397,-4.200000,1.000000,9.776397,35.195029
9.289284,-2.000000,1.000000,9.289284,33.441424
11.370750,-3.600000,1.000000,11.370750,40.934700
11.163288,-3.400000,1.000000,11.163288,40.187836
11.561903,-4.200000,1.000000,11.561903,41.622852
11.271286,-3.600000,1.000000,11.271286,40.576630
12.230892,-5.000000,1.000000,12.230892,44.031212
11.094224,-1.800000,1.000000,11.094224,39.939206
9.922532,-3.000000,1.000000,9.922532,35.721116
10.532694,-2.200000,1.000000,10.532694,37.917697
11.196449,-1.800000,1.000000,11.196449,40.307216
12.369388,-3.200000,1.000000,12.369388,44.529796
11.945484,-3.200000,1.000000,11.945484,43.003741
17.085730,-3.200000,1.000000,17.085730,61.508630
16.252383,-5.800000,1.000000,16.252383,58.508577
13.263306,-3.600000,1.000000,13.263306,47.747900
6.306373,-2.000000,1.000000,6.306373,22.702942
4.815659,-2.800000,1.000000,4.815659,17.336372
1.805254,-0.200000,1.000000,1.805254,6.498915
4.487196,-0.200000,1.000000,4.487196,16.153905
3.858411,0.000000,1.000000,3.858411,13.890278
3.800312,-0.200000,4.000000,0.950078,3.420281
3.755515,0.000000,6.000000,0.625919,2.253309
4.567701,-2.600000,83.000000,0.055033,0.198117
3.980246,-1.200000,1.000000,3.980246,14.328885
17.244334,-1.600000,2.000000,8.622167,31.039801
7.944294,-1.000000,1.000000,7.944294,28.599460
10.316608,-1.200000,1.000000,10.316608,37.139789
11.020548,-1.800000,1.000000,11.020548,39.673971
11.014580,-1.600000,1.000000,11.014580,39.652490
13.774631,-1.000000,1.000000,13.774631,49.588670
15.469621,-1.400000,1.000000,15.469621,55.690634
15.847320,-5.000000,1.000000,15.847320,57.050351
15.065023,-4.400000,1.000000,15.065023,54.234081
13.770831,-0.800000,1.000000,13.770831,49.574993
13.444496,-1.800000,1.000000,13.444496,48.400186
11.606017,-2.400000,1.000000,11.606017,41.781661
10.899583,-2.200000,1.000000,10.899583,39.238500
10.807191,-2.800000,1.000000,10.807191,38.905888
10.799686,-3.400000,1.000000,10.799686,38.878869
11.703860,-5.000000,1.000000,11.703860,42.133896
11.122968,-0.800000,1.000000,11.122968,40.042685
11.377263,-3.200000,1.000000,11.377263,40.958146
11.102078,-1.400000,1.000000,11.102078,39.967480
10.349761,-2.600000,1.000000,10.349761,37.259138
9.880269,-1.800000,1.000000,9.880269,35.568970
9.283957,-1.200000,1.000000,9.283957,33.422244
19.902460,-2.200000,2.000000,9.951230,35.824428
15.447149,-1.400000,2.000000,7.723574,27.804868
7.323603,-1.800000,1.000000,7.323603,26.364969
7.588197,-1.600000,1.000000,7.588197,27.317508
8.084695,-1.400000,1.000000,8.084695,29.104900
7.245929,-0.800000,1.000000,7.245929,26.085344
7.022980,-0.600000,1.000000,7.022980,25.282729
7.018030,-0.800000,1.000000,7.018030,25.264907
6.756729,-1.000000,1.000000,6.756729,24.324224
6.506132,-0.800000,1.000000,6.506132,23.422075
5.977653,-0.400000,1.000000,5.977653,21.519550
11.001967,-2.000000,2.000000,5.500983,19.803541
5.281792,-0.400000,1.000000,5.281792,19.014451
5.666160,-0.600000,1.000000,5.666160,20.398176
9.444539,-1.800000,2.000000,4.722270,17.000170
4.775254,-1.800000,1.000000,4.775254,17.190916
6.164303,-1.800000,1.000000,6.164303,22.191490
15.610357,-4.200000,2.000000,7.805178,28.098642
8.545889,-0.600000,1.000000,8.545889,30.765199
8.680975,-0.200000,1.000000,8.680975,31.251511
7.442765,-0.200000,1.000000,7.442765,26.793954
6.327357,-0.400000,1.000000,6.327357,22.778486
10.325260,0.200000,2.000000,5.162630,18.585467
6.639705,0.200000,2.000000,3.319853,11.951469
3.363566,-0.400000,4.000000,0.840892,3.027210
0.364754,-0.200000,4.000000,0.091188,0.328278
905.771714,299.200000,331.000000,2.736470,9.851294
7.482936,-0.800000,1.000000,7.482936,26.938568
6.659478,-0.200000,1.000000,6.659478,23.974119
8.959717,-1.400000,2.000000,4.479858,16.127490
11.689753,-0.200000,1.000000,11.689753,42.083112
10.602056,0.200000,5.000000,2.120411,7.633480
11.327577,-4.000000,167.000000,0.067830,0.244187
10.627977,-0.800000,1.000000,10.627977,38.260716
3.648449,-0.800000,1.000000,3.648449,13.134417
8.071438,-2.400000,2.000000,4.035719,14.528588
4.388543,-0.800000,1.000000,4.388543,15.798755
4.650173,-1.000000,1.000000,4.650173,16.740621
4.763566,-1.800000,1.000000,4.763566,17.148837
10.576562,-2.400000,2.000000,5.288281,19.037811
6.247650,-1.200000,1.000000,6.247650,22.491542
6.347267,-1.400000,1.000000,6.347267,22.850161
6.862748,-1.800000,1.000000,6.862748,24.705892
6.928253,-1.600000,1.000000,6.928253,24.941710
7.419888,-1.800000,1.000000,7.419888,26.711596
7.560157,-1.800000,1.000000,7.560157,27.216566
7.889324,-1.800000,1.000000,7.889324,28.401568
8.148635,-1.600000,1.000000,8.148635,29.335087
8.279192,-2.000000,1.000000,8.279192,29.805091
8.835111,-2.200000,1.000000,8.835111,31.806399
8.783919,-1.600000,1.000000,8.783919,31.622109
9.113268,-2.600000,1.000000,9.113268,32.807767
9.699880,-1.800000,1.000000,9.699880,34.919568
10.483154,-2.600000,1.000000,10.483154,37.739353
12.609322,-2.000000,1.000000,12.609322,45.393561
9.043016,-2.400000,1.000000,9.043016,32.554857
11.239245,-2.000000,1.000000,11.239245,40.461281
10.779095,-2.200000,1.000000,10.779095,38.804741
14.414694,-2.200000,1.000000,14.414694,51.892899
11.339393,-2.600000,1.000000,11.339393,40.821814
13.534152,-2.200000,1.000000,13.534152,48.722948
11.868997,-2.600000,1.000000,11.868997,42.728390
11.884599,-2.000000,1.000000,11.884599,42.784556
13.069726,-2.400000,1.000000,13.069726,47.051013
12.451000,-2.000000,1.000000,12.451000,44.823600
12.050249,-2.400000,1.000000,12.050249,43.380897
12.952836,-2.000000,1.000000,12.952836,46.630211
12.423269,-2.000000,1.000000,12.423269,44.723770
11.076918,-1.800000,1.000000,11.076918,39.876906
11.537698,-2.200000,1.000000,11.537698,41.535712
12.689917,-1.800000,1.000000,12.689917,45.683700
11.623640,-2.000000,1.000000,11.623640,41.845105
11.707783,-2.000000,1.000000,11.707783,42.148020
10.254063,-1.600000,1.000000,10.254063,36.914627
10.876559,-1.800000,1.000000,10.876559,39.155613
11.091557,-1.800000,1.000000,11.091557,39.929606
10.728262,-1.600000,1.000000,10.728262,38.621742
11.012669,-2.000000,1.000000,11.012669,39.645607
10.717833,-1.600000,1.000000,10.717833,38.584198
10.130302,-1.600000,1.000000,10.130302,36.469088
10.726210,-1.800000,1.000000,10.726210,38.614356
11.152018,-1.200000,1.000000,11.152018,40.147265
11.590861,-1.400000,1.000000,11.590861,41.727098
14.674828,-1.800000,1.000000,14.674828,52.829380
12.948233,-1.400000,1.000000,12.948233,46.613640
9.891746,-1.400000,1.000000,9.891746,35.610285
10.980805,-1.400000,1.000000,10.980805,39.530898
11.287123,-1.200000,1.000000,11.287123,40.633643
11.272181,-1.600000,1.000000,11.272181,40.579851
13.229345,-1.000000,1.000000,13.229345,47.625643
10.666373,-1.400000,1.000000,10.666373,38.398943
23.071860,-2.200000,2.000000,11.535930,41.529349
8.278146,-1.400000,1.000000,8.278146,29.801325
21.588991,-2.000000,2.000000,10.794495,38.860183
13.799115,-1.200000,1.000000,13.799115,49.676816
21.905355,-2.200000,2.000000,10.952678,39.429639
7.440076,-1.200000,1.000000,7.440076,26.784275
20.546092,-1.400000,2.000000,10.273046,36.982966
22.208905,-1.600000,2.000000,11.104453,39.976030
21.790571,-1.400000,2.000000,10.895286,39.223028
13.518568,-1.200000,1.000000,13.518568,48.666844
22.672486,-1.400000,2.000000,11.336243,40.810475
18.670595,-1.000000,2.000000,9.335297,33.607070
22.947367,-1.000000,2.000000,11.473683,41.305260
21.652823,-1.400000,2.000000,10.826412,38.975082
36.551772,-1.400000,3.000000,12.183924,43.862126
33.600106,-1.200000,3.000000,11.200035,40.320127
11.009674,0.000000,1.000000,11.009674,39.634827
43.945984,-1.000000,4.000000,10.986496,39.551386
43.950456,-0.400000,4.000000,10.987614,39.555410
55.863645,0.000000,5.000000,11.172729,40.221824
11.502652,0.200000,2.000000,5.751326,20.704773
59.019974,1.200000,4.000000,14.754994,53.117977
8.566488,0.000000,1.000000,8.566488,30.839355
32.425702,1.200000,3.000000,10.808567,38.910843
33.288001,1.400000,3.000000,11.096000,39.945601
8.380430,0.600000,1.000000,8.380430,30.169549
12.523826,0.600000,1.000000,12.523826,45.085773
21.684190,1.000000,2.000000,10.842095,39.031542
19.114171,1.400000,2.000000,9.557086,34.405508
23.419737,1.600000,2.000000,11.709868,42.155526
20.470058,1.400000,2.000000,10.235029,36.846105
423.242288,48.000000,244.000000,1.734600,6.244558
5.306860,-3.400000,1.000000,5.306860,19.104695
9.952527,-5.000000,1.000000,9.952527,35.829099
9.469627,-2.000000,1.000000,9.469627,34.090657
11.596421,-4.600000,1.000000,11.596421,41.747115
11.968618,-3.400000,1.000000,11.968618,43.087025
10.782903,-3.000000,1.000000,10.782903,38.818450
10.441492,-3.600000,1.000000,10.441492,37.589370
10.255047,-1.600000,1.000000,10.255047,36.918169
10.421790,-1.600000,1.000000,10.421790,37.518444
11.382069,-1.800000,1.000000,11.382069,40.975447
11.815727,-1.800000,1.000000,11.815727,42.536618
11.925019,-1.800000,1.000000,11.925019,42.930069
12.765348,-2.200000,1.000000,12.765348,45.955252
13.104679,-1.400000,1.000000,13.104679,47.176846
13.880870,-2.400000,1.000000,13.880870,49.971132
14.677538,-3.400000,1.000000,14.677538,52.839136
14.748761,-1.600000,1.000000,14.748761,53.095540
15.774263,-3.200000,1.000000,15.774263,56.787347
14.548039,-1.000000,1.000000,14.548039,52.372939
14.915931,-3.000000,1.000000,14.915931,53.697351
14.602747,-2.600000,1.000000,14.602747,52.569889
28.797672,-3.000000,2.000000,14.398836,51.835809
13.850935,-1.400000,1.000000,13.850935,49.863366
13.304274,-2.200000,1.000000,13.304274,47.895387
12.257336,-2.800000,1.000000,12.257336,44.126410
11.352815,-2.400000,1.000000,11.352815,40.870136
11.101925,-1.200000,1.000000,11.101925,39.966929
7.858313,-1.000000,1.000000,7.858313,28.289926
5.929801,-1.800000,1.000000,5.929801,21.347283
3.188522,-0.600000,1.000000,3.188522,11.478680
10.036464,-0.400000,2.000000,5.018232,18.065635
8.420155,-0.200000,8.000000,1.052519,3.789070
8.936389,-3.000000,12.000000,0.744699,2.680917
8.871251,-2.800000,1.000000,8.871251,31.936504
12.510913,-5.000000,1.000000,12.510913,45.039287
9.053720,-2.800000,1.000000,9.053720,32.593390
8.320698,-2.200000,1.000000,8.320698,29.954512
18.361741,-2.200000,2.000000,9.180871,33.051134
10.207372,-1.000000,1.000000,10.207372,36.746537
9.636124,-0.200000,1.000000,9.636124,34.690048
7.603697,-0.600000,1.000000,7.603697,27.373310
6.311985,-1.400000,1.000000,6.311985,22.723146
7.904769,-2.400000,1.000000,7.904769,28.457168
9.046523,-1.400000,1.000000,9.046523,32.567484
10.706974,-2.400000,1.000000,10.706974,38.545107
10.856886,-1.400000,1.000000,10.856886,39.084790
10.851388,-0.600000,1.000000,10.851388,39.064997
10.127996,-0.200000,1.000000,10.127996,36.460787
10.439195,-0.600000,1.000000,10.439195,37.581103
11.276000,-1.000000,1.000000,11.276000,40.593599
11.161010,-1.200000,1.000000,11.161010,40.179635
12.015262,-1.400000,1.000000,12.015262,43.254944
13.000444,-4.200000,1.000000,13.000444,46.801598
13.516019,-2.200000,1.000000,13.516019,48.657667
14.394424,-3.000000,1.000000,14.394424,51.819925
13.358576,-1.600000,1.000000,13.358576,48.090874
13.529885,-1.600000,1.000000,13.529885,48.707587
25.824125,-2.000000,2.000000,12.912062,46.483424
13.773701,-2.400000,1.000000,13.773701,49.585323
15.163972,-4.600000,1.000000,15.163972,54.590301
14.937405,-4.400000,1.000000,14.937405,53.774659
14.741361,-3.000000,1.000000,14.741361,53.068901
11.208133,-1.600000,1.000000,11.208133,40.349277
10.515245,-1.400000,1.000000,10.515245,37.854881
9.601582,-1.400000,1.000000,9.601582,34.565696
9.801953,-2.600000,1.000000,9.801953,35.287031
11.993885,-5.000000,1.000000,11.993885,43.177986
10.647748,-2.800000,1.000000,10.647748,38.331892
12.796866,-4.800000,1.000000,12.796866,46.068719
12.044333,-1.000000,1.000000,12.044333,43.359598
13.410360,-4.400000,1.000000,13.410360,48.277296
14.165409,-2.400000,1.000000,14.165409,50.995472
14.732449,-3.800000,1.000000,14.732449,53.036816
14.915843,-2.600000,1.000000,14.915843,53.697035
13.328253,-1.800000,1.000000,13.328253,47.981709
11.503303,-2.400000,1.000000,11.503303,41.411890
18.187277,-1.600000,2.000000,9.093638,32.737099
6.349857,-0.600000,1.000000,6.349857,22.859484
6.572663,-0.800000,1.000000,6.572663,23.661585
15.531633,-2.200000,2.000000,7.765816,27.956939
8.011500,-1.600000,1.000000,8.011500,28.841401
7.342966,-1.200000,1.000000,7.342966,26.434679
8.502907,-1.600000,1.000000,8.502907,30.610466
8.800524,-1.400000,1.000000,8.800524,31.681887
10.728506,-3.000000,1.000000,10.728506,38.622621
9.125707,-3.800000,1.000000,9.125707,32.852545
6.963379,-2.400000,1.000000,6.963379,25.068163
8.853470,-3.000000,1.000000,8.853470,31.872494
8.743803,-3.200000,1.000000,8.743803,31.477691
7.245609,-2.400000,1.000000,7.245609,26.084193
5.524988,-1.000000,1.000000,5.524988,19.889956
4.253376,-0.600000,2.000000,2.126688,7.656077
5.846090,0.000000,3.000000,1.948697,7.015308
5.616942,0.000000,1.000000,5.616942,20.220990
5.894359,-2.000000,44.000000,0.133963,0.482266
5.602098,-0.800000,1.000000,5.602098,20.167553
8.383270,-1.400000,1.000000,8.383270,30.179772
9.406656,-0.600000,1.000000,9.406656,33.863963
9.621257,-2.400000,1.000000,9.621257,34.636524
9.854483,-2.200000,1.000000,9.854483,35.476140
9.232007,-0.800000,1.000000,9.232007,33.235227
8.704495,-2.400000,1.000000,8.704495,31.336183
7.936937,-1.400000,1.000000,7.936937,28.572972
7.477614,-1.200000,1.000000,7.477614,26.919411
7.974339,-1.600000,1.000000,7.974339,28.707619
8.858495,-1.600000,1.000000,8.858495,31.890580
9.219019,-1.000000,1.000000,9.219019,33.188468
8.833618,-2.400000,1.000000,8.833618,31.801026
7.740832,-2.600000,1.000000,7.740832,27.866994
7.370733,-1.400000,1.000000,7.370733,26.534640
10.241481,-2.600000,1.000000,10.241481,36.869331
10.842680,-2.000000,1.000000,10.842680,39.033648
8.911604,-1.800000,1.000000,8.911604,32.081773
7.129702,-0.600000,1.000000,7.129702,25.666928
12.069740,-0.600000,2.000000,6.034870,21.725531
7.999234,-1.400000,1.000000,7.999234,28.797244
18.945287,-3.400000,2.000000,9.472644,34.101517
9.538722,-1.600000,1.000000,9.538722,34.339400
8.345052,-1.000000,1.000000,8.345052,30.042188
6.632361,-0.200000,1.000000,6.632361,23.876499
5.691732,-0.400000,1.000000,5.691732,20.490234
5.718425,-0.200000,1.000000,5.718425,20.586331
6.631452,-1.000000,1.000000,6.631452,23.873227
7.052779,-1.600000,1.000000,7.052779,25.390003
7.095054,-2.800000,1.000000,7.095054,25.542193
6.110716,-1.200000,1.000000,6.110716,21.998578
6.566799,-1.600000,2.000000,3.283399,11.820238
2.265237,-0.400000,1.000000,2.265237,8.154855
6.797676,0.000000,3.000000,2.265892,8.157211
5.154909,0.000000,6.000000,0.859151,3.092945
7.260135,-5.000000,50.000000,0.145203,0.522730
5.623794,-2.000000,1.000000,5.623794,20.245660
5.782844,-2.200000,1.000000,5.782844,20.818240
6.396956,-0.200000,1.000000,6.396956,23.029043
5.502821,-1.600000,1.000000,5.502821,19.810157
7.192433,-1.200000,1.000000,7.192433,25.892760
9.808478,-4.000000,1.000000,9.808478,35.310520
5.909817,-2.000000,1.000000,5.909817,21.275342
6.917247,-2.000000,1.000000,6.917247,24.902088
6.070881,-2.000000,1.000000,6.070881,21.855172
5.961093,-2.400000,1.000000,5.961093,21.459935
4.525289,-1.400000,1.000000,4.525289,16.291041
3.612935,-2.000000,1.000000,3.612935,13.006567
5.937855,-1.200000,2.000000,2.968927,10.688139
3.276945,-1.800000,1.000000,3.276945,11.797001
3.240908,-1.400000,1.000000,3.240908,11.667269
5.752744,-2.000000,1.000000,5.752744,20.709878
17.685199,-3.600000,2.000000,8.842600,31.833359
13.358406,-2.800000,1.000000,13.358406,48.090262
16.140998,-4.200000,1.000000,16.140998,58.107594
17.223001,-5.600000,1.000000,17.223001,62.002805
16.703335,-4.400000,1.000000,16.703335,60.132007
16.518553,-3.800000,1.000000,16.518553,59.466789
15.783078,-2.600000,1.000000,15.783078,56.819081
14.948366,-1.800000,1.000000,14.948366,53.814117
13.915059,-0.600000,1.000000,13.915059,50.094213
12.614772,-0.800000,1.000000,12.614772,45.413180
23.727426,-1.200000,2.000000,11.863713,42.709366
23.207725,-1.800000,2.000000,11.603862,41.773905
11.430948,-2.200000,1.000000,11.430948,41.151414
12.154440,-2.000000,1.000000,12.154440,43.755985
12.323914,-2.600000,1.000000,12.323914,44.366089
12.255758,-1.800000,1.000000,12.255758,44.120730
11.554907,-0.400000,1.000000,11.554907,41.597665
13.382994,-0.800000,1.000000,13.382994,48.178777
21.273408,-1.200000,2.000000,10.636704,38.292135
17.766475,-1.400000,2.000000,8.883238,31.979656
26.559769,-0.800000,3.000000,8.853256,31.871723
10.517407,-0.400000,1.000000,10.517407,37.862664
9.438075,-1.600000,1.000000,9.438075,33.977071
9.335144,-1.200000,1.000000,9.335144,33.606520
7.848876,-1.000000,1.000000,7.848876,28.255954
4.697474,-0.800000,1.000000,4.697474,16.910905
5.313956,-1.200000,1.000000,5.313956,19.130243
4.863509,-0.800000,2.000000,2.431754,8.754315
3.587246,-0.400000,1.000000,3.587246,12.914085
3.479765,-0.400000,2.000000,1.739883,6.263578
3.371614,-0.200000,4.000000,0.842904,3.034453
3.726631,-1.600000,61.000000,0.061092,0.219932
3.462477,-0.200000,1.000000,3.462477,12.464917
14.096924,-1.600000,2.000000,7.048462,25.374463
7.814087,-1.200000,1.000000,7.814087,28.130715
7.680232,-2.800000,1.000000,7.680232,27.648834
7.560423,-1.800000,1.000000,7.560423,27.217521
7.458487,-1.800000,1.000000,7.458487,26.850552
8.381703,-1.800000,1.000000,8.381703,30.174130
8.943660,-2.600000,1.000000,8.943660,32.197176
9.925514,-4.000000,1.000000,9.925514,35.731851
9.672702,-3.000000,1.000000,9.672702,34.821729
11.108595,-4.000000,1.000000,11.108595,39.990943
13.026259,-4.400000,1.000000,13.026259,46.894533
13.858267,-4.000000,1.000000,13.858267,49.889760
15.180560,-4.200000,1.000000,15.180560,54.650016
16.764267,-2.800000,1.000000,16.764267,60.351361
17.727215,-5.000000,1.000000,17.727215,63.817976
18.792073,-5.800000,1.000000,18.792073,67.651464
17.833469,-2.400000,1.000000,17.833469,64.200490
17.230071,-3.800000,1.000000,17.230071,62.028256
15.840064,-2.600000,1.000000,15.840064,57.024232
14.674069,-2.000000,1.000000,14.674069,52.826648
13.669278,-1.200000,1.000000,13.669278,49.209401
12.978723,-0.400000,1.000000,12.978723,46.723402
12.759943,-0.800000,1.000000,12.759943,45.935795
26.069734,-4.800000,2.000000,13.034867,46.925522
12.941706,-1.400000,1.000000,12.941706,46.590140
13.420694,-1.600000,1.000000,13.420694,48.314497
30.518585,-3.600000,2.000000,15.259292,54.933453
18.487916,-7.200000,1.000000,18.487916,66.556499
17.711266,-5.600000,1.000000,17.711266,63.760557
15.724755,-3.200000,1.000000,15.724755,56.609119
17.005029,-2.000000,1.000000,17.005029,61.218105
17.153470,-2.400000,1.000000,17.153470,61.752492
19.220401,-5.200000,1.000000,19.220401,69.193445
19.632262,-3.000000,1.000000,19.632262,70.676142
19.741280,-7.000000,1.000000,19.741280,71.068607
16.876253,-3.800000,1.000000,16.876253,60.754510
14.204919,-2.200000,1.000000,14.204919,51.137710
13.571484,-1.000000,1.000000,13.571484,48.857344
24.174605,-1.200000,2.000000,12.087302,43.514288
18.952244,-0.400000,2.000000,9.476122,34.114039
11.888989,-0.200000,1.000000,11.888989,42.800361
8.683156,-0.800000,1.000000,8.683156,31.259362
8.950246,-0.600000,1.000000,8.950246,32.220885
10.260797,-0.600000,1.000000,10.260797,36.938869
10.676385,-2.000000,1.000000,10.676385,38.434987
12.727585,-3.000000,1.000000,12.727585,45.819307
12.991381,-1.400000,1.000000,12.991381,46.768970
13.862992,-3.000000,1.000000,13.862992,49.906771
13.912806,-3.000000,1.000000,13.912806,50.086102
13.970735,-3.000000,1.000000,13.970735,50.294648
14.379472,-2.200000,1.000000,14.379472,51.766098
14.242169,-1.200000,1.000000,14.242169,51.271809
27.397831,-0.800000,2.000000,13.698916,49.316096
12.676604,-1.000000,1.000000,12.676604,45.635775
12.256429,-1.200000,1.000000,12.256429,44.123145
12.037258,-1.200000,1.000000,12.037258,43.334130
11.783410,-0.800000,1.000000,11.783410,42.420276
12.070254,-1.000000,1.000000,12.070254,43.452913
19.129743,-1.200000,2.000000,9.564872,34.433538
9.984573,-0.600000,1.000000,9.984573,35.944463
9.661559,-1.000000,1.000000,9.661559,34.781611
18.785648,-1.000000,2.000000,9.392824,33.814167
9.876663,-0.800000,1.000000,9.876663,35.555989
10.118745,-0.800000,1.000000,10.118745,36.427482
12.840648,-1.800000,1.000000,12.840648,46.226333
10.940329,-2.400000,1.000000,10.940329,39.385185
10.893799,-0.600000,1.000000,10.893799,39.217677
9.326496,-1.800000,1.000000,9.326496,33.575384
10.846485,-0.600000,1.000000,10.846485,39.047346
13.602631,-1.600000,1.000000,13.602631,48.969472
14.676908,-4.200000,1.000000,14.676908,52.836869
17.126407,-3.400000,1.000000,17.126407,61.655067
11.424358,-2.800000,1.000000,11.424358,41.127687
14.491456,-3.800000,1.000000,14.491456,52.169242
12.715325,-2.000000,1.000000,12.715325,45.775170
13.142643,-4.000000,1.000000,13.142643,47.313514
12.480139,-2.400000,1.000000,12.480139,44.928500
11.065831,-4.000000,1.000000,11.065831,39.836992
7.208729,-2.000000,1.000000,7.208729,25.951423
7.259786,-1.200000,1.000000,7.259786,26.135230
7.055492,-1.200000,1.000000,7.055492,25.399773
7.614001,-1.400000,1.000000,7.614001,27.410405
10.555324,-2.400000,1.000000,10.555324,37.999166
13.259409,-2.800000,1.000000,13.259409,47.733871
16.826193,-5.400000,1.000000,16.826193,60.574293
20.092768,-9.200000,1.000000,20.092768,72.333965
19.290477,-1.200000,1.000000,19.290477,69.445718
18.419264,-4.600000,1.000000,18.419264,66.309351
16.548778,-0.800000,1.000000,16.548778,59.575600
14.886018,-3.600000,1.000000,14.886018,53.589663
13.292872,-1.600000,1.000000,13.292872,47.854338
12.614273,-1.600000,1.000000,12.614273,45.411381
10.982955,-0.600000,1.000000,10.982955,39.538640
12.017896,-3.800000,1.000000,12.017896,43.264425
12.091084,-3.600000,1.000000,12.091084,43.527904
11.877664,-4.000000,1.000000,11.877664,42.759589
11.372206,-3.400000,1.000000,11.372206,40.939941
9.877177,-3.400000,1.000000,9.877177,35.557838
9.826474,-3.600000,1.000000,9.826474,35.375307
8.345347,-2.400000,1.000000,8.345347,30.043249
15.814590,-1.600000,2.000000,7.907295,28.466261
9.114843,-2.000000,1.000000,9.114843,32.813436
9.649582,-0.800000,1.000000,9.649582,34.738496
11.827790,-2.600000,1.000000,11.827790,42.580045
12.425930,-1.400000,1.000000,12.425930,44.733348
26.500910,-2.600000,2.000000,13.250455,47.701638
14.726929,-4.800000,1.000000,14.726929,53.016945
14.753609,-2.400000,1.000000,14.753609,53.112994
15.266544,-3.600000,1.000000,15.266544,54.959560
14.331733,-2.200000,1.000000,14.331733,51.594238
13.454772,-0.600000,1.000000,13.454772,48.437181
15.761399,-0.800000,1.000000,15.761399,56.741037
26.400849,-0.600000,2.000000,13.200424,47.521528
13.559477,-0.600000,1.000000,13.559477,48.814116
29.083234,-3.600000,2.000000,14.541617,52.349821
14.825834,-2.800000,1.000000,14.825834,53.373002
15.623943,-1.800000,1.000000,15.623943,56.246195
16.894967,-3.200000,1.000000,16.894967,60.821882
19.294688,-3.200000,1.000000,19.294688,69.460876
19.926431,-5.400000,1.000000,19.926431,71.735151
19.910026,-4.200000,1.000000,19.910026,71.676094
17.909768,-1.400000,1.000000,17.909768,64.475164
15.139052,-0.200000,1.000000,15.139052,54.500587
10.880820,0.000000,1.000000,10.880820,39.170952
15.640072,0.000000,1.000000,15.640072,56.304259
51.765649,0.200000,5.000000,10.353130,37.271267
31.723288,-0.800000,4.000000,7.930822,28.550960
12.941542,-0.200000,2.000000,6.470771,23.294775
22.064963,0.000000,4.000000,5.516241,19.858467
7.653828,0.000000,2.000000,3.826914,13.776890
10.936499,0.600000,2.000000,5.468250,19.685699
7.067692,0.400000,1.000000,7.067692,25.443691
7.106309,0.200000,2.000000,3.553154,12.791356
7.027862,0.000000,3.000000,2.342621,8.433434
7.134652,0.200000,3.000000,2.378217,8.561583
8.742477,-5.200000,319.000000,0.027406,0.098661
7.204148,1.200000,1.000000,7.204148,25.934932
9.345998,1.600000,2.000000,4.672999,16.822797
4.170779,1.000000,1.000000,4.170779,15.014805
2916.489062,640.800000,890.000000,3.276954,11.797034
4.941138,-1.600000,1.000000,4.941138,17.788096
12.330918,-2.400000,1.000000,12.330918,44.391304
10.531101,-2.400000,1.000000,10.531101,37.911965
10.086882,-1.800000,1.000000,10.086882,36.312775
15.034210,-1.000000,2.000000,7.517105,27.061578
14.925884,-1.200000,2.000000,7.462942,26.866592
18.793671,-1.400000,2.000000,9.396836,33.828608
10.839957,-1.600000,1.000000,10.839957,39.023845
12.229662,-1.200000,1.000000,12.229662,44.026783
12.138708,-1.600000,1.000000,12.138708,43.699348
11.344224,-3.200000,1.000000,11.344224,40.839205
20.771970,-1.000000,2.000000,10.385985,37.389545
10.808303,-1.200000,1.000000,10.808303,38.909889
11.209956,-1.200000,1.000000,11.209956,40.355842
10.630296,-1.800000,1.000000,10.630296,38.269067
21.760095,-1.600000,2.000000,10.880047,39.168171
21.415166,-1.800000,2.000000,10.707583,38.547299
23.465583,-1.600000,2.000000,11.732792,42.238050
11.536289,-2.000000,1.000000,11.536289,41.530639
12.125231,-2.400000,1.000000,12.125231,43.650833
12.447328,-1.600000,1.000000,12.447328,44.810379
12.444157,-3.200000,1.000000,12.444157,44.798967
13.703900,-2.600000,1.000000,13.703900,49.334042
14.498382,-3.000000,1.000000,14.498382,52.194174
14.795226,-2.800000,1.000000,14.795226,53.262813
15.158164,-2.400000,1.000000,15.158164,54.569390
15.292969,-3.000000,1.000000,15.292969,55.054687
15.439148,-2.800000,1.000000,15.439148,55.580934
14.463162,-2.600000,1.000000,14.463162,52.067382
12.986525,-1.800000,1.000000,12.986525,46.751489
12.040580,-2.000000,1.000000,12.040580,43.346089
9.126167,-1.400000,1.000000,9.126167,32.854200
21.073335,-1.400000,2.000000,10.536667,37.932002
20.693033,-1.400000,2.000000,10.346516,37.247459
6.869014,-1.600000,1.000000,6.869014,24.728449
5.302972,-1.600000,1.000000,5.302972,19.090701
3.711817,-0.800000,2.000000,1.855909,6.681271
7.302169,-0.400000,3.000000,2.434056,8.762603
6.037729,0.000000,1.000000,6.037729,21.735823
6.037724,0.000000,1.000000,6.037724,21.735805
6.833304,-3.200000,44.000000,0.155302,0.559089
6.426040,-2.200000,1.000000,6.426040,23.133743
9.242093,-3.600000,1.000000,9.242093,33.271535
13.068314,-2.400000,1.000000,13.068314,47.045930
12.470636,-2.200000,1.000000,12.470636,44.894288
14.117836,-3.800000,1.000000,14.117836,50.824209
15.017239,-4.200000,1.000000,15.017239,54.062059
12.491298,-2.600000,1.000000,12.491298,44.968673
12.327737,-1.800000,1.000000,12.327737,44.379855
13.181965,-2.200000,1.000000,13.181965,47.455075
13.583491,-1.800000,1.000000,13.583491,48.900566
13.926243,-3.200000,1.000000,13.926243,50.134474
14.054845,-4.400000,1.000000,14.054845,50.597442
13.813229,-1.200000,1.000000,13.813229,49.727625
13.186830,-2.000000,1.000000,13.186830,47.472589
10.618556,-2.600000,1.000000,10.618556,38.226802
13.661517,-1.200000,1.000000,13.661517,49.181462
10.606470,-1.200000,1.000000,10.606470,38.183291
10.888331,-1.000000,1.000000,10.888331,39.197993
21.358441,-0.800000,2.000000,10.679220,38.445194
11.629698,-3.200000,1.000000,11.629698,41.866913
18.131558,-1.400000,2.000000,9.065779,32.636805
9.115128,-2.800000,1.000000,9.115128,32.814461
5.423909,-0.600000,1.000000,5.423909,19.526073
2.629639,-0.800000,1.000000,2.629639,9.466700
1.973581,-1.400000,1.000000,1.973581,7.104892
1.913590,-0.400000,3.000000,0.637863,2.296307
0.505341,-0.200000,7.000000,0.072192,0.259890
5.781596,0.000000,2.000000,2.890798,10.406874
35.253703,-4.200000,3.000000,11.751234,42.304444
7.804137,-3.800000,1.000000,7.804137,28.094892
13.897472,-3.200000,1.000000,13.897472,50.030900
14.990107,-2.200000,1.000000,14.990107,53.964386
15.257787,-3.000000,1.000000,15.257787,54.928034
16.106544,-5.800000,1.000000,16.106544,57.983559
16.008434,-3.200000,1.000000,16.008434,57.630361
19.805630,-10.400000,1.000000,19.805630,71.300268
17.951768,-4.000000,1.000000,17.951768,64.626363
17.198674,-2.600000,1.000000,17.198674,61.915227
16.449150,-1.400000,1.000000,16.449150,59.216939
16.499428,-1.400000,1.000000,16.499428,59.397942
28.330760,-2.400000,2.000000,14.165380,50.995367
15.581108,-2.600000,1.000000,15.581108,56.091990
14.964753,-1.400000,1.000000,14.964753,53.873113
14.623308,-4.400000,1.000000,14.623308,52.643908
13.049597,-1.000000,1.000000,13.049597,46.978550
33.841850,-1.800000,3.000000,11.280617,40.610220
27.984311,-1.400000,3.000000,9.328104,33.581173
8.608129,-0.200000,1.000000,8.608129,30.989263
18.066811,-1.600000,2.000000,9.033405,32.520259
18.699709,-2.400000,2.000000,9.349854,33.659476
9.250621,-1.400000,1.000000,9.250621,33.302236
18.795795,-2.000000,2.000000,9.397897,33.832430
9.381615,-0.800000,1.000000,9.381615,33.773813
9.057520,-0.800000,1.000000,9.057520,32.607073
27.535994,-2.200000,3.000000,9.178665,33.043193
17.507493,-1.200000,2.000000,8.753746,31.513487
8.934624,-1.000000,1.000000,8.934624,32.164646
18.039307,-1.400000,2.000000,9.019653,32.470753
8.987427,-1.600000,1.000000,8.987427,32.354738
23.836205,-1.000000,3.000000,7.945402,28.603446
8.667623,-0.400000,1.000000,8.667623,31.203443
12.522993,-1.000000,2.000000,6.261497,22.541388
20.700792,-1.600000,3.000000,6.900264,24.840950
16.244248,-1.600000,2.000000,8.122124,29.239646
17.284532,-2.200000,2.000000,8.642266,31.112158
9.688271,-1.400000,1.000000,9.688271,34.877776
7.826691,-1.600000,1.000000,7.826691,28.176089
9.135308,-1.400000,1.000000,9.135308,32.887107
24.926368,-1.200000,3.000000,8.308789,29.911641
10.404381,-0.200000,1.000000,10.404381,37.455772
7.299825,-1.200000,1.000000,7.299825,26.279368
19.259442,-3.000000,2.000000,9.629721,34.666996
11.619777,-3.600000,1.000000,11.619777,41.831198
11.964884,-1.000000,1.000000,11.964884,43.073584
12.952129,-1.000000,1.000000,12.952129,46.627663
15.890801,-4.600000,1.000000,15.890801,57.206883
22.933666,-2.800000,2.000000,11.466833,41.280598
12.828969,-2.400000,1.000000,12.828969,46.184289
12.063797,-1.400000,1.000000,12.063797,43.429669
11.983343,-2.400000,1.000000,11.983343,43.140036
12.464529,-1.600000,1.000000,12.464529,44.872306
12.251526,-1.000000,1.000000,12.251526,44.105494
12.200200,-2.000000,1.000000,12.200200,43.920721
13.041009,-2.800000,1.000000,13.041009,46.947632
12.292115,-1.400000,1.000000,12.292115,44.251613
12.289464,-1.400000,1.000000,12.289464,44.242069
13.008255,-2.600000,1.000000,13.008255,46.829718
11.768698,-0.800000,1.000000,11.768698,42.367311
11.501098,-1.800000,1.000000,11.501098,41.403954
22.014637,-2.000000,2.000000,11.007319,39.626347
23.433335,-1.600000,2.000000,11.716667,42.180003
12.502417,-2.800000,1.000000,12.502417,45.008703
11.437763,-1.400000,1.000000,11.437763,41.175945
18.958367,-1.400000,2.000000,9.479183,34.125060
24.672523,-1.000000,3.000000,8.224174,29.607028
5.786420,-0.200000,1.000000,5.786420,20.831114
9.280021,-0.400000,1.000000,9.280021,33.408076
8.311055,-1.000000,1.000000,8.311055,29.919799
8.964085,-1.200000,1.000000,8.964085,32.270705
9.550926,-1.200000,1.000000,9.550926,34.383334
10.610666,-2.200000,1.000000,10.610666,38.198399
9.283158,-2.200000,1.000000,9.283158,33.419368
5.895837,-3.400000,1.000000,5.895837,21.225014
9.177364,-0.600000,2.000000,4.588682,16.519255
6.833519,-0.200000,4.000000,1.708380,6.150167
7.308686,-2.600000,77.000000,0.094918,0.341705
7.542997,-3.200000,1.000000,7.542997,27.154789
9.715031,-4.400000,1.000000,9.715031,34.974111
9.223280,-3.400000,1.000000,9.223280,33.203808
9.980846,-4.600000,1.000000,9.980846,35.931046
10.107740,-4.200000,1.000000,10.107740,36.387864
10.393249,-4.600000,1.000000,10.393249,37.415698
9.383266,-2.600000,1.000000,9.383266,33.779756
9.879234,-3.200000,1.000000,9.879234,35.565244
9.035968,-3.000000,1.000000,9.035968,32.529485
9.853710,-4.000000,1.000000,9.853710,35.473357
10.470764,-3.200000,1.000000,10.470764,37.694752
11.766441,-4.200000,1.000000,11.766441,42.359186
12.101811,-2.000000,1.000000,12.101811,43.566519
13.245693,-3.400000,1.000000,13.245693,47.684495
14.146083,-4.200000,1.000000,14.146083,50.925898
14.860251,-3.400000,1.000000,14.860251,53.496905
17.603176,-1.400000,1.000000,17.603176,63.371432
15.728235,-5.800000,1.000000,15.728235,56.621646
12.335643,-2.000000,1.000000,12.335643,44.408316
15.869680,-2.000000,1.000000,15.869680,57.130849
15.112532,-1.600000,1.000000,15.112532,54.405116
14.126732,-4.600000,1.000000,14.126732,50.856236
12.942409,-2.200000,1.000000,12.942409,46.592673
13.184395,-2.000000,1.000000,13.184395,47.463821
13.718479,-3.000000,1.000000,13.718479,49.386523
13.505642,-2.000000,1.000000,13.505642,48.620310
14.139377,-1.200000,1.000000,14.139377,50.901758
14.845312,-1.200000,1.000000,14.845312,53.443125
15.008074,-1.600000,1.000000,15.008074,54.029067
16.173635,-5.400000,1.000000,16.173635,58.225084
15.494444,-3.600000,1.000000,15.494444,55.779999
27.797562,-1.400000,2.000000,13.898781,50.035612
13.021484,-1.400000,1.000000,13.021484,46.877343
11.463922,-1.800000,1.000000,11.463922,41.270120
29.271768,-0.800000,3.000000,9.757256,35.126121
10.055539,-1.200000,1.000000,10.055539,36.199939
12.397182,-1.400000,1.000000,12.397182,44.629857
18.556990,-2.000000,2.000000,9.278495,33.402582
20.636029,-1.800000,2.000000,10.318015,37.144852
8.873144,-0.600000,1.000000,8.873144,31.943320
8.217881,-2.400000,1.000000,8.217881,29.584373
6.904155,-1.200000,1.000000,6.904155,24.854959
7.452322,-0.600000,1.000000,7.452322,26.828361
6.648728,-0.600000,1.000000,6.648728,23.935421
2.930387,-1.400000,1.000000,2.930387,10.549393
4.634268,-0.200000,1.000000,4.634268,16.683365
3.755241,-0.400000,1.000000,3.755241,13.518866
3.739230,0.200000,3.000000,1.246410,4.487076
3.998790,-1.600000,28.000000,0.142814,0.514130
3.818621,-0.800000,1.000000,3.818621,13.747035
7.857821,-1.000000,1.000000,7.857821,28.288157
6.757886,-2.400000,1.000000,6.757886,24.328388
9.402718,-2.800000,1.000000,9.402718,33.849786
8.365614,-2.000000,1.000000,8.365614,30.116212
7.069061,-2.400000,1.000000,7.069061,25.448620
10.218171,-2.200000,1.000000,10.218171,36.785416
8.571621,-2.400000,1.000000,8.571621,30.857834
8.618112,-3.000000,1.000000,8.618112,31.025203
8.962413,-2.200000,1.000000,8.962413,32.264687
7.368489,-1.600000,1.000000,7.368489,26.526559
10.001041,-2.600000,1.000000,10.001041,36.003748
14.118849,-2.600000,1.000000,14.118849,50.827855
11.182559,-2.800000,1.000000,11.182559,40.257213
14.553056,-3.200000,1.000000,14.553056,52.391000
18.372644,-3.400000,1.000000,18.372644,66.141520
16.219955,-4.800000,1.000000,16.219955,58.391839
15.453111,-2.600000,1.000000,15.453111,55.631199
14.889327,-2.400000,1.000000,14.889327,53.601576
26.631767,-1.000000,2.000000,13.315884,47.937181
12.319219,-1.000000,1.000000,12.319219,44.349189
23.475720,-1.000000,2.000000,11.737860,42.256296
10.720396,-1.000000,1.000000,10.720396,38.593427
10.556061,-1.200000,1.000000,10.556061,38.001819
29.254016,-1.200000,3.000000,9.751339,35.104819
10.077271,-0.600000,1.000000,10.077271,36.278175
10.283597,-0.800000,1.000000,10.283597,37.020949
10.687677,-2.000000,1.000000,10.687677,38.475636
10.858521,-1.400000,1.000000,10.858521,39.090677
10.779650,-1.600000,1.000000,10.779650,38.806740
22.605426,-1.400000,2.000000,11.302713,40.689766
11.608430,-2.000000,1.000000,11.608430,41.790349
11.695116,-1.200000,1.000000,11.695116,42.102419
12.144969,-1.000000,1.000000,12.144969,43.721889
9.955617,-1.800000,1.000000,9.955617,35.840222
12.525201,-2.400000,1.000000,12.525201,45.090723
12.420791,-1.000000,1.000000,12.420791,44.714847
12.686015,-2.000000,1.000000,12.686015,45.669655
12.317158,-1.800000,1.000000,12.317158,44.341769
11.862893,-1.200000,1.000000,11.862893,42.706415
11.555023,-0.400000,1.000000,11.555023,41.598084
11.123679,-0.800000,1.000000,11.123679,40.045244
19.766360,-0.800000,2.000000,9.883180,35.579448
9.401210,-0.400000,1.000000,9.401210,33.844355
26.231016,-0.600000,3.000000,8.743672,31.477219
8.937340,-0.800000,1.000000,8.937340,32.174425
18.676266,-1.600000,2.000000,9.338133,33.617278
10.007769,-1.400000,1.000000,10.007769,36.027970
18.983880,-1.800000,2.000000,9.491940,34.170984
7.601032,-2.000000,1.000000,7.601032,27.363715
5.817600,-0.800000,1.000000,5.817600,20.943358
5.393257,-0.800000,1.000000,5.393257,19.415726
5.748097,-1.000000,1.000000,5.748097,20.693150
6.103894,-0.800000,1.000000,6.103894,21.974020
6.304451,-1.400000,1.000000,6.304451,22.696023
4.938523,-1.200000,1.000000,4.938523,17.778684
4.037462,-1.000000,1.000000,4.037462,14.534862
4.176143,-0.600000,1.000000,4.176143,15.034115
4.920857,-0.800000,1.000000,4.920857,17.715084
5.898184,-1.400000,1.000000,5.898184,21.233461
5.995970,-0.400000,1.000000,5.995970,21.585494
4.121778,-1.200000,1.000000,4.121778,14.838401
5.688045,-1.000000,1.000000,5.688045,20.476963
4.197766,-0.200000,1.000000,4.197766,15.111957
4.212891,-0.200000,4.000000,1.053223,3.791602
4.933684,-2.600000,51.000000,0.096739,0.348260
4.563030,-1.800000,1.000000,4.563030,16.426907
7.135658,-1.800000,1.000000,7.135658,25.688370
7.402917,-1.800000,1.000000,7.402917,26.650500
9.047068,-3.200000,1.000000,9.047068,32.569443
8.548899,-2.400000,1.000000,8.548899,30.776036
9.732728,-2.600000,1.000000,9.732728,35.037819
10.214306,-2.800000,1.000000,10.214306,36.771501
12.358840,-4.000000,1.000000,12.358840,44.491825
13.131889,-2.200000,1.000000,13.131889,47.274801
14.236005,-4.400000,1.000000,14.236005,51.249618
13.783570,-1.800000,1.000000,13.783570,49.620850
14.067174,-2.000000,1.000000,14.067174,50.641825
14.269609,-3.800000,1.000000,14.269609,51.370592
14.296132,-1.800000,1.000000,14.296132,51.466077
14.708808,-2.000000,1.000000,14.708808,52.951707
15.765838,-3.200000,1.000000,15.765838,56.757015
16.220188,-2.400000,1.000000,16.220188,58.392677
17.606361,-5.000000,1.000000,17.606361,63.382901
17.628903,-3.800000,1.000000,17.628903,63.464051
20.678565,-4.200000,1.000000,20.678565,74.442833
16.474753,-3.200000,1.000000,16.474753,59.309110
13.058918,-3.200000,1.000000,13.058918,47.012104
29.304296,-2.400000,2.000000,14.652148,52.747732
13.613718,-1.800000,1.000000,13.613718,49.009385
26.623838,-1.800000,2.000000,13.311919,47.922908
18.769080,-1.200000,2.000000,9.384540,33.784345
27.269347,-0.200000,4.000000,6.817337,24.542412
5.555772,1.400000,2.000000,2.777886,10.000390
1.781857,0.200000,1.000000,1.781857,6.414687
15.214915,-0.400000,8.000000,1.901864,6.846712
2.046121,-0.400000,4.000000,0.511530,1.841509
0.127694,0.000000,2.000000,0.063847,0.229848
12.966698,-2.200000,73.000000,0.177626,0.639454
4.185179,-1.600000,1.000000,4.185179,15.066644
4.638916,-1.400000,1.000000,4.638916,16.700098
4.360504,-1.400000,1.000000,4.360504,15.697814
5.962195,-1.200000,1.000000,5.962195,21.463901
7.826532,-1.800000,1.000000,7.826532,28.175517
14.405392,-2.600000,2.000000,7.202696,25.929706
10.263145,-2.000000,1.000000,10.263145,36.947323
9.527657,-3.200000,1.000000,9.527657,34.299567
7.770336,-2.400000,1.000000,7.770336,27.973210
11.264875,-2.800000,1.000000,11.264875,40.553552
7.713791,-1.800000,1.000000,7.713791,27.769647
9.096493,-2.800000,1.000000,9.096493,32.747373
9.018099,-1.400000,1.000000,9.018099,32.465156
11.232001,-2.800000,1.000000,11.232001,40.435203
8.547947,-1.600000,1.000000,8.547947,30.772609
15.156546,-2.200000,1.000000,15.156546,54.563564
15.402827,-4.600000,1.000000,15.402827,55.450176
16.334313,-3.800000,1.000000,16.334313,58.803526
17.062731,-4.400000,1.000000,17.062731,61.425833
16.694900,-2.800000,1.000000,16.694900,60.101640
16.683897,-2.200000,1.000000,16.683897,60.062030
16.256720,-2.800000,1.000000,16.256720,58.524190
15.096757,-3.800000,1.000000,15.096757,54.348327
12.914141,-3.000000,1.000000,12.914141,46.490909
10.405753,-1.000000,1.000000,10.405753,37.460710
9.390497,-0.400000,1.000000,9.390497,33.805789
6.997465,-0.400000,1.000000,6.997465,25.190875
13.720010,-0.600000,2.000000,6.860005,24.696018
5.717238,0.000000,2.000000,2.858619,10.291028
2.301831,0.400000,4.000000,0.575458,2.071648
0.245564,0.000000,2.000000,0.122782,0.442015
76.937529,2.600000,290.000000,0.265302,0.955087
1.933578,0.000000,1.000000,1.933578,6.960880
2.056760,0.600000,1.000000,2.056760,7.404336
2.870700,0.600000,1.000000,2.870700,10.334521
4.245164,1.400000,1.000000,4.245164,15.282592
690.335671,195.600000,303.000000,2.278336,8.202008
2.701797,0.000000,1.000000,2.701797,9.726470
5.777076,-1.000000,1.000000,5.777076,20.797475
17.201519,-2.600000,2.000000,8.600760,30.962735
11.181280,-1.600000,1.000000,11.181280,40.252607
12.686411,-3.600000,1.000000,12.686411,45.671078
13.008767,-2.200000,1.000000,13.008767,46.831562
13.890877,-2.800000,1.000000,13.890877,50.007156
14.530737,-3.200000,1.000000,14.530737,52.310652
15.072349,-2.000000,1.000000,15.072349,54.260455
15.845497,-4.000000,1.000000,15.845497,57.043788
15.534840,-1.200000,1.000000,15.534840,55.925424
15.571542,-3.200000,1.000000,15.571542,56.057551
14.664013,-2.000000,1.000000,14.664013,52.790447
13.461199,-1.400000,1.000000,13.461199,48.460318
23.300818,-1.200000,2.000000,11.650409,41.941472
26.010438,0.000000,3.000000,8.670146,31.212525
14.895718,0.400000,3.000000,4.965239,17.874862
8.084679,0.800000,3.000000,2.694893,9.701615
1.989464,0.000000,1.000000,1.989464,7.162070
11.296944,0.200000,5.000000,2.259389,8.133800
21.995126,0.200000,6.000000,3.665854,13.197076
8.074271,-1.800000,2.000000,4.037136,14.533688
20.364660,-0.800000,5.000000,4.072932,14.662556
13.007346,-0.400000,3.000000,4.335782,15.608815
15.450994,-1.000000,3.000000,5.150331,18.541193
21.416238,-1.000000,4.000000,5.354059,19.274614
14.034264,-0.200000,3.000000,4.678088,16.841117
3.901699,0.000000,1.000000,3.901699,14.046117
12.390816,-0.600000,4.000000,3.097704,11.151734
11.290987,-0.200000,5.000000,2.258197,8.129510
3.105448,0.000000,2.000000,1.552724,5.589806
1.601075,0.000000,1.000000,1.601075,5.763870
4.621091,0.200000,3.000000,1.540364,5.545309
14.332952,0.000000,7.000000,2.047565,7.371233
8.268239,0.400000,5.000000,1.653648,5.953132
3.943603,0.200000,6.000000,0.657267,2.366162
6.745373,-0.400000,7.000000,0.963625,3.469049
2.111471,0.000000,5.000000,0.422294,1.520259
0.245559,0.000000,2.000000,0.122779,0.442006
1443.803572,426.400000,355.000000,4.067052,14.641388
5.595685,-0.400000,1.000000,5.595685,20.144466
5.181851,-0.800000,1.000000,5.181851,18.654664
9.801204,-1.400000,2.000000,4.900602,17.642168
13.663617,-1.600000,2.000000,6.831809,24.594511
7.346461,-0.600000,1.000000,7.346461,26.447260
6.915709,-0.800000,1.000000,6.915709,24.896554
5.284407,-1.000000,1.000000,5.284407,19.023864
2.879274,-1.200000,1.000000,2.879274,10.365388
10.243906,0.000000,1.000000,10.243906,36.878061
9.962429,0.000000,4.000000,2.490607,8.966186
11.024073,-4.600000,22.000000,0.501094,1.803939
10.735439,-4.000000,1.000000,10.735439,38.647580
13.854211,-4.000000,1.000000,13.854211,49.875160
14.783699,-2.400000,1.000000,14.783699,53.221315
17.338760,-8.600000,1.000000,17.338760,62.419537
15.558594,-2.400000,1.000000,15.558594,56.010938
15.082289,-3.200000,1.000000,15.082289,54.296240
13.880283,-1.800000,1.000000,13.880283,49.969018
14.296676,-1.200000,1.000000,14.296676,51.468034
15.856981,-3.800000,1.000000,15.856981,57.085132
16.539062,-4.800000,1.000000,16.539062,59.540624
16.893475,-5.600000,1.000000,16.893475,60.816510
17.729651,-3.600000,1.000000,17.729651,63.826745
11.744596,-1.600000,1.000000,11.744596,42.280547
13.726200,-2.000000,1.000000,13.726200,49.414320
14.097054,-2.800000,1.000000,14.097054,50.749394
14.887755,-3.800000,1.000000,14.887755,53.595917
14.363014,-2.000000,1.000000,14.363014,51.706850
16.645479,-1.800000,1.000000,16.645479,59.923724
13.905879,-3.800000,1.000000,13.905879,50.061164
11.384175,-2.600000,1.000000,11.384175,40.983029
13.603990,-2.600000,1.000000,13.603990,48.974364
13.295907,-2.800000,1.000000,13.295907,47.865265
13.795213,-2.800000,1.000000,13.795213,49.662766
18.682671,-5.000000,1.000000,18.682671,67.257615
15.673185,-3.200000,1.000000,15.673185,56.423466
17.906872,-5.200000,1.000000,17.906872,64.464739
19.863076,-7.000000,1.000000,19.863076,71.507074
17.623586,-7.000000,1.000000,17.623586,63.444909
25.805457,-4.800000,1.000000,25.805457,92.899646
18.807469,-9.000000,1.000000,18.807469,67.706889
26.392861,-9.200000,1.000000,26.392861,95.014300
21.470607,-6.800000,1.000000,21.470607,77.294185
17.441092,-4.600000,1.000000,17.441092,62.787932
20.183922,-4.000000,1.000000,20.183922,72.662118
18.153925,-5.200000,1.000000,18.153925,65.354131
15.681205,-1.200000,1.000000,15.681205,56.452337
14.501003,-1.000000,1.000000,14.501003,52.203610
11.799113,-0.400000,1.000000,11.799113,42.476806
8.191524,-0.200000,1.000000,8.191524,29.489487
4.687104,-1.400000,1.000000,4.687104,16.873573
2.535152,-0.600000,1.000000,2.535152,9.126546
7.935385,-0.400000,1.000000,7.935385,28.567387
7.185610,-0.200000,3.000000,2.395203,8.622733
7.047935,0.000000,4.000000,1.761984,6.343141
7.512201,-2.200000,16.000000,0.469513,1.690245
8.204483,-4.200000,1.000000,8.204483,29.536140
13.994307,-5.200000,1.000000,13.994307,50.379507
16.103573,-1.800000,1.000000,16.103573,57.972861
10.776357,-1.600000,1.000000,10.776357,38.794887
13.076352,-2.200000,1.000000,13.076352,47.074866
13.192677,-2.200000,1.000000,13.192677,47.493637
13.102985,-2.800000,1.000000,13.102985,47.170747
13.444447,-2.200000,1.000000,13.444447,48.400010
15.446979,-3.600000,1.000000,15.446979,55.609124
20.701207,-5.800000,1.000000,20.701207,74.524344
16.934328,-5.800000,1.000000,16.934328,60.963581
15.060029,-7.200000,1.000000,15.060029,54.216106
19.616309,-3.800000,1.000000,19.616309,70.618714
12.630840,-1.400000,1.000000,12.630840,45.471023
15.626351,-1.800000,1.000000,15.626351,56.254863
19.595263,-2.600000,1.000000,19.595263,70.542948
13.562034,-4.200000,1.000000,13.562034,48.823322
17.079021,-4.600000,1.000000,17.079021,61.484476
17.786345,-4.400000,1.000000,17.786345,64.030843
16.797414,-1.800000,1.000000,16.797414,60.470689
16.682659,-3.000000,1.000000,16.682659,60.057574
15.873229,-2.000000,1.000000,15.873229,57.143624
15.145032,-1.600000,1.000000,15.145032,54.522116
13.962790,-2.400000,1.000000,13.962790,50.266045
13.642561,-3.600000,1.000000,13.642561,49.113220
21.217472,-2.800000,2.000000,10.608736,38.191450
6.670191,-3.600000,1.000000,6.670191,24.012689
2.546265,-1.400000,1.000000,2.546265,9.166553
6.110962,-0.200000,1.000000,6.110962,21.999462
5.068948,0.400000,7.000000,0.724135,2.606887
6.302814,-3.800000,27.000000,0.233438,0.840375
7.024644,-4.800000,1.000000,7.024644,25.288718
7.319658,-3.200000,1.000000,7.319658,26.350770
8.149171,-3.600000,1.000000,8.149171,29.337016
9.889979,-6.000000,1.000000,9.889979,35.603923
9.603475,-4.800000,1.000000,9.603475,34.572509
8.771401,-3.600000,1.000000,8.771401,31.577042
8.262957,-3.200000,1.000000,8.262957,29.746644
9.376854,-5.200000,1.000000,9.376854,33.756673
7.314804,-1.800000,1.000000,7.314804,26.333293
8.799175,-4.600000,1.000000,8.799175,31.677029
5.206217,-2.800000,1.000000,5.206217,18.742382
4.630995,-1.800000,1.000000,4.630995,16.671583
6.252744,-1.800000,1.000000,6.252744,22.509879
4.875076,-2.400000,1.000000,4.875076,17.550275
6.948705,-4.400000,1.000000,6.948705,25.015338
6.423140,-4.000000,1.000000,6.423140,23.123304
7.619312,-2.800000,1.000000,7.619312,27.429522
7.199722,-5.000000,1.000000,7.199722,25.918999
7.808759,-4.400000,1.000000,7.808759,28.111534
10.005868,-5.000000,1.000000,10.005868,36.021124
9.049079,-4.600000,1.000000,9.049079,32.576684
10.277311,-3.600000,1.000000,10.277311,36.998318
11.329700,-4.400000,1.000000,11.329700,40.786920
12.402369,-5.800000,1.000000,12.402369,44.648528
13.599179,-3.800000,1.000000,13.599179,48.957043
14.172802,-7.600000,1.000000,14.172802,51.022086
12.860453,-1.800000,1.000000,12.860453,46.297631
14.201946,-6.000000,1.000000,14.201946,51.127007
17.655999,-5.400000,1.000000,17.655999,63.561598
16.152646,-6.400000,1.000000,16.152646,58.149525
13.182912,-3.200000,1.000000,13.182912,47.458483
7.984066,-3.400000,1.000000,7.984066,28.742637
2.659406,-0.400000,1.000000,2.659406,9.573863
11.392666,0.000000,2.000000,5.696333,20.506798
12.085784,0.000000,7.000000,1.726541,6.215546
12.443987,-2.600000,42.000000,0.296285,1.066627
12.452562,-3.000000,1.000000,12.452562,44.829224
13.569463,-2.200000,1.000000,13.569463,48.850067
10.278090,-2.800000,1.000000,10.278090,37.001122
11.340621,-2.400000,1.000000,11.340621,40.826236
12.587653,-3.200000,1.000000,12.587653,45.315550
6.983800,-1.800000,1.000000,6.983800,25.141678
8.255561,-1.800000,1.000000,8.255561,29.720018
9.838395,-2.600000,1.000000,9.838395,35.418220
8.212672,-2.000000,1.000000,8.212672,29.565620
7.886299,-3.000000,1.000000,7.886299,28.390677
6.042777,-2.600000,1.000000,6.042777,21.753997
9.277797,-1.400000,1.000000,9.277797,33.400069
8.232395,-2.400000,1.000000,8.232395,29.636623
7.482177,-1.800000,1.000000,7.482177,26.935838
7.861025,-3.000000,1.000000,7.861025,28.299691
8.322483,-2.800000,1.000000,8.322483,29.960940
9.445876,-2.400000,1.000000,9.445876,34.005152
10.702899,-3.400000,1.000000,10.702899,38.530437
11.104069,-2.400000,1.000000,11.104069,39.974649
10.304249,-2.600000,1.000000,10.304249,37.095297
15.890414,-1.800000,1.000000,15.890414,57.205491
15.062785,-4.400000,1.000000,15.062785,54.226026
14.586034,-2.600000,1.000000,14.586034,52.509723
14.161017,-1.800000,1.000000,14.161017,50.979661
13.618212,-1.400000,1.000000,13.618212,49.025564
22.531338,-2.600000,2.000000,11.265669,40.556408
20.778470,-4.200000,2.000000,10.389235,37.401246
8.621375,-2.600000,1.000000,8.621375,31.036952
7.957162,-1.600000,1.000000,7.957162,28.645783
6.466847,-0.800000,1.000000,6.466847,23.280648
7.212227,-2.200000,1.000000,7.212227,25.964019
6.991644,-1.600000,1.000000,6.991644,25.169918
9.073369,-4.200000,1.000000,9.073369,32.664130
8.432610,-1.400000,1.000000,8.432610,30.357395
12.893630,-3.800000,1.000000,12.893630,46.417068
12.654898,-6.000000,1.000000,12.654898,45.557632
11.615781,-3.000000,1.000000,11.615781,41.816811
12.636908,-2.400000,1.000000,12.636908,45.492867
13.475279,-1.800000,1.000000,13.475279,48.511004
14.679469,-2.400000,1.000000,14.679469,52.846089
17.281657,-3.000000,1.000000,17.281657,62.213965
18.190962,-3.800000,1.000000,18.190962,65.487463
19.005680,-6.800000,1.000000,19.005680,68.420447
15.950259,-3.000000,1.000000,15.950259,57.420932
18.599841,0.000000,2.000000,9.299920,33.479713
10.906230,0.800000,2.000000,5.453115,19.631214
4.946685,0.400000,1.000000,4.946685,17.808065
8.714096,0.200000,2.000000,4.357048,15.685373
7.645422,0.200000,4.000000,1.911356,6.880880
5.450614,-0.600000,7.000000,0.778659,2.803173
5.421183,-0.200000,8.000000,0.677648,2.439532
5.417496,0.000000,1.000000,5.417496,19.502985
6.098303,-2.800000,88.000000,0.069299,0.249476
5.522234,0.600000,1.000000,5.522234,19.880044
3.379532,1.400000,1.000000,3.379532,12.166315
660.147613,121.000000,285.000000,2.316307,8.338707
3.708165,-0.200000,1.000000,3.708165,13.349395
10.847390,-1.000000,3.000000,3.615797,13.016868
3.887616,-0.200000,3.000000,1.295872,4.665139
13.306251,-0.800000,6.000000,2.217708,7.983750
12.989415,-1.200000,3.000000,4.329805,15.587298
10.898739,-0.800000,2.000000,5.449370,19.617731
5.796170,-0.600000,1.000000,5.796170,20.866211
17.814771,-1.000000,3.000000,5.938257,21.377725
5.175612,-0.400000,1.000000,5.175612,18.632203
8.388030,-2.000000,2.000000,4.194015,15.098453
2.864110,-0.600000,1.000000,2.864110,10.310795
2.500738,-0.600000,1.000000,2.500738,9.002657
2.682435,-1.000000,2.000000,1.341218,4.828384
2.735208,-0.600000,2.000000,1.367604,4.923375
0.815992,-0.600000,1.000000,0.815992,2.937572
3.594027,-0.400000,4.000000,0.898507,3.234625
9.386723,-1.000000,2.000000,4.693362,16.896102
6.025501,-1.000000,1.000000,6.025501,21.691803
8.591392,-3.400000,1.000000,8.591392,30.929011
8.074488,-2.400000,1.000000,8.074488,29.068156
7.726263,-3.400000,1.000000,7.726263,27.814547
7.241325,-1.600000,1.000000,7.241325,26.068771
6.579625,-0.800000,1.000000,6.579625,23.686652
6.560520,-3.200000,1.000000,6.560520,23.617872
6.445970,-1.600000,1.000000,6.445970,23.205491
6.613958,-1.600000,1.000000,6.613958,23.810247
6.258706,-2.600000,1.000000,6.258706,22.531342
4.698501,-2.000000,1.000000,4.698501,16.914605
4.568358,-1.000000,1.000000,4.568358,16.446087
5.320084,-0.200000,1.000000,5.320084,19.152303
5.710190,-0.800000,1.000000,5.710190,20.556685
6.401299,-0.400000,1.000000,6.401299,23.044675
13.868738,-2.200000,2.000000,6.934369,24.963728
11.097936,-1.200000,2.000000,5.548968,19.976285
4.638330,-0.200000,1.000000,4.638330,16.697988
20.380070,-1.400000,4.000000,5.095017,18.342063
16.602333,-0.800000,3.000000,5.534111,19.922800
4.861414,-0.800000,1.000000,4.861414,17.501090
4.369333,-1.000000,1.000000,4.369333,15.729600
2.419473,-0.600000,1.000000,2.419473,8.710101
2.393855,-0.200000,1.000000,2.393855,8.617878
2.680516,-0.200000,4.000000,0.670129,2.412465
0.360697,0.200000,3.000000,0.120232,0.432836
3.223848,1.800000,3121.000000,0.001033,0.003719
0.143096,0.000000,1.000000,0.143096,0.515146
15.618098,-1.600000,68.000000,0.229678,0.826840
3.584240,-0.200000,1.000000,3.584240,12.903266
7.493817,-0.400000,2.000000,3.746909,13.488871
7.754339,-1.000000,2.000000,3.877169,13.957809
3.821368,-0.200000,1.000000,3.821368,13.756924
13.218025,-1.000000,3.000000,4.406008,15.861630
10.228144,-0.800000,2.000000,5.114072,18.410660
4.899496,-0.400000,1.000000,4.899496,17.638186
8.307488,0.000000,2.000000,4.153744,14.953479
6.618384,-0.200000,2.000000,3.309192,11.913091
16.985846,0.200000,7.000000,2.426549,8.735578
6.045046,-0.200000,5.000000,1.209009,4.352433
5.148937,-1.000000,63.000000,0.081729,0.294225
5.117697,0.000000,1.000000,5.117697,18.423709
14.078125,-1.200000,3.000000,4.692708,16.893751
7.619318,0.000000,2.000000,3.809659,13.714772
15.559293,-0.800000,6.000000,2.593216,9.335576
7.427476,-0.200000,2.000000,3.713738,13.369457
9.597032,-1.200000,2.000000,4.798516,17.274658
4.343506,-0.200000,1.000000,4.343506,15.636622
11.574898,0.000000,4.000000,2.893724,10.417408
5.133796,-0.200000,5.000000,1.026759,3.696333
11.665550,-0.800000,4.000000,2.916387,10.498995
14.369751,-1.200000,3.000000,4.789917,17.243701
6.060545,-1.000000,1.000000,6.060545,21.817961
5.808854,-1.200000,1.000000,5.808854,20.911874
11.488951,-1.200000,2.000000,5.744476,20.680113
7.402401,-1.800000,1.000000,7.402401,26.648644
7.017645,-1.400000,1.000000,7.017645,25.263524
7.794963,-1.600000,1.000000,7.794963,28.061866
8.155122,-1.400000,1.000000,8.155122,29.358440
9.346472,-1.400000,1.000000,9.346472,33.647299
8.830897,-2.400000,1.000000,8.830897,31.791229
8.240027,-2.400000,1.000000,8.240027,29.664097
7.082767,-2.600000,1.000000,7.082767,25.497962
5.977471,-2.000000,1.000000,5.977471,21.518895
6.706486,-1.400000,1.000000,6.706486,24.143351
7.448359,-1.200000,1.000000,7.448359,26.814093
8.241396,-2.200000,1.000000,8.241396,29.669026
8.646454,-1.600000,1.000000,8.646454,31.127235
8.074863,-2.400000,1.000000,8.074863,29.069505
7.979337,-2.800000,1.000000,7.979337,28.725615
7.389268,-0.600000,1.000000,7.389268,26.601366
6.680586,-1.400000,1.000000,6.680586,24.050111
6.697516,-2.200000,1.000000,6.697516,24.111057
6.265293,-0.800000,1.000000,6.265293,22.555055
7.052637,-2.200000,1.000000,7.052637,25.389492
6.312866,-0.800000,1.000000,6.312866,22.726318
6.863567,-1.600000,1.000000,6.863567,24.708840
7.706980,-1.200000,1.000000,7.706980,27.745128
9.162218,-1.800000,1.000000,9.162218,32.983986
9.119788,-1.400000,1.000000,9.119788,32.831238
9.742074,-1.200000,1.000000,9.742074,35.071468
9.394919,-1.200000,1.000000,9.394919,33.821709
9.365057,-1.200000,1.000000,9.365057,33.714203
18.262521,-2.200000,2.000000,9.131261,32.872538
8.888128,-0.600000,1.000000,8.888128,31.997261
10.507282,-1.600000,1.000000,10.507282,37.826217
10.541527,-2.600000,1.000000,10.541527,37.949499
9.327683,-1.800000,1.000000,9.327683,33.579660
9.393944,-2.600000,1.000000,9.393944,33.818198
8.247503,-1.600000,1.000000,8.247503,29.691009
8.587435,-2.800000,1.000000,8.587435,30.914766
8.193055,-1.000000,1.000000,8.193055,29.494996
8.830161,-1.200000,1.000000,8.830161,31.788579
9.834202,-1.000000,1.000000,9.834202,35.403128
11.755354,-2.600000,1.000000,11.755354,42.319274
12.056783,-2.200000,1.000000,12.056783,43.404419
12.398169,-2.600000,1.000000,12.398169,44.633409
11.968409,-2.400000,1.000000,11.968409,43.086271
10.336129,-1.000000,1.000000,10.336129,37.210063
12.824882,-1.600000,2.000000,6.412441,23.084787
4.328739,-0.400000,1.000000,4.328739,15.583461
3.299726,-0.200000,2.000000,1.649863,5.939506
0.935434,0.000000,4.000000,0.233859,0.841891
15.972774,-1.200000,46.000000,0.347234,1.250043
5.730257,-0.200000,2.000000,2.865128,10.314462
11.055737,-0.200000,7.000000,1.579391,5.685807
1.299484,0.000000,1.000000,1.299484,4.678141
2.009887,0.200000,2.000000,1.004943,3.617796
0.991048,0.000000,2.000000,0.495524,1.783886
2.063680,0.000000,5.000000,0.412736,1.485850
5.631037,-0.200000,6.000000,0.938506,3.378622
2.010495,0.000000,2.000000,1.005248,3.618892
0.712475,0.200000,5.000000,0.142495,0.512982
3.827502,0.200000,4.000000,0.956875,3.444751
0.200000,-0.200000,15.000000,0.013333,0.048000
47.754839,0.600000,9.000000,5.306093,19.101936
5.146025,0.800000,1.000000,5.146025,18.525689
7.694378,2.400000,2.000000,3.847189,13.849880
2192.442105,599.000000,559.000000,3.922079,14.119484
2.574106,-0.200000,1.000000,2.574106,9.266781
13.523945,-1.800000,2.000000,6.761973,24.343102
9.331797,-1.200000,1.000000,9.331797,33.594471
10.070097,-1.400000,1.000000,10.070097,36.252348
10.170139,-2.200000,1.000000,10.170139,36.612499
9.924485,-1.400000,1.000000,9.924485,35.728144
10.562993,-3.000000,1.000000,10.562993,38.026776
11.323488,-2.800000,1.000000,11.323488,40.764557
11.793406,-3.200000,1.000000,11.793406,42.456261
11.219949,-2.800000,1.000000,11.219949,40.391816
10.136986,-1.600000,1.000000,10.136986,36.493149
9.657424,-3.000000,1.000000,9.657424,34.766727
9.552626,-3.600000,1.000000,9.552626,34.389454
8.437050,-2.600000,1.000000,8.437050,30.373380
8.861191,-3.800000,1.000000,8.861191,31.900288
7.423041,-2.800000,1.000000,7.423041,26.722946
6.875372,-3.200000,1.000000,6.875372,24.751341
8.083023,-3.200000,1.000000,8.083023,29.098883
9.455193,-4.200000,1.000000,9.455193,34.038696
10.455930,-5.200000,1.000000,10.455930,37.641349
9.848204,-4.200000,1.000000,9.848204,35.453533
11.887030,-4.800000,1.000000,11.887030,42.793307
12.337398,-5.400000,1.000000,12.337398,44.414632
12.596837,-5.200000,1.000000,12.596837,45.348615
13.779130,-4.200000,1.000000,13.779130,49.604868
14.529671,-5.200000,1.000000,14.529671,52.306816
12.476591,-3.200000,1.000000,12.476591,44.915729
11.486696,-4.400000,1.000000,11.486696,41.352105
11.951067,-5.600000,1.000000,11.951067,43.023843
10.148273,-1.800000,1.000000,10.148273,36.533781
12.233357,-5.400000,1.000000,12.233357,44.040084
12.258667,-1.800000,1.000000,12.258667,44.131203
14.632908,-4.400000,1.000000,14.632908,52.678468
15.548332,-4.400000,1.000000,15.548332,55.973996
16.215189,-5.400000,1.000000,16.215189,58.374681
18.196997,-6.800000,1.000000,18.196997,65.509191
18.305774,-6.800000,1.000000,18.305774,65.900788
19.112324,-3.400000,1.000000,19.112324,68.804367
20.665614,-6.800000,1.000000,20.665614,74.396211
21.921577,-8.800000,1.000000,21.921577,78.917678
20.069362,-1.400000,1.000000,20.069362,72.249704
20.506736,-3.000000,1.000000,20.506736,73.824249
41.232087,-6.400000,2.000000,20.616044,74.217757
20.830313,-1.800000,1.000000,20.830313,74.989127
20.189332,-2.200000,1.000000,20.189332,72.681597
19.390527,-3.000000,1.000000,19.390527,69.805897
18.856091,-3.200000,1.000000,18.856091,67.881929
18.787164,-4.400000,1.000000,18.787164,67.633790
18.809461,-4.800000,1.000000,18.809461,67.714059
18.972234,-7.400000,1.000000,18.972234,68.300044
18.214153,-1.400000,1.000000,18.214153,65.570950
17.926322,-2.400000,1.000000,17.926322,64.534760
17.754883,-3.400000,1.000000,17.754883,63.917580
22.548163,-7.000000,1.000000,22.548163,81.173387
16.114073,-3.200000,1.000000,16.114073,58.010663
21.141577,-3.200000,1.000000,21.141577,76.109677
26.862601,-7.000000,1.000000,26.862601,96.705365
17.720965,-4.000000,1.000000,17.720965,63.795474
20.330394,-1.800000,1.000000,20.330394,73.189417
17.178320,-3.600000,1.000000,17.178320,61.841952
13.586468,-1.000000,1.000000,13.586468,48.911285
11.627734,-0.800000,1.000000,11.627734,41.859843
12.625194,-0.600000,1.000000,12.625194,45.450698
12.357257,-1.000000,1.000000,12.357257,44.486126
9.081298,-4.000000,1.000000,9.081298,32.692673
9.030829,-1.000000,1.000000,9.030829,32.510983
6.165375,-1.200000,1.000000,6.165375,22.195350
5.946761,-2.800000,1.000000,5.946761,21.408339
6.216046,-1.400000,1.000000,6.216046,22.377765
7.192153,-1.800000,1.000000,7.192153,25.891752
8.396128,-1.800000,1.000000,8.396128,30.226061
7.348587,-4.000000,1.000000,7.348587,26.454914
6.605748,-2.600000,1.000000,6.605748,23.780691
7.618899,-2.600000,1.000000,7.618899,27.428036
8.919841,-2.600000,1.000000,8.919841,32.111427
10.120794,-4.400000,1.000000,10.120794,36.434860
11.389226,-4.200000,1.000000,11.389226,41.001215
11.291861,-5.000000,1.000000,11.291861,40.650700
10.485045,-1.600000,1.000000,10.485045,37.746162
10.788633,-2.400000,1.000000,10.788633,38.839077
23.648022,-1.400000,2.000000,11.824011,42.566439
12.574155,-2.800000,1.000000,12.574155,45.266958
24.920541,-3.000000,2.000000,12.460271,44.856975
12.914745,-1.800000,1.000000,12.914745,46.493083
12.738658,-1.600000,1.000000,12.738658,45.859167
12.464556,-1.800000,1.000000,12.464556,44.872402
13.533969,-2.400000,1.000000,13.533969,48.722289
13.961191,-3.000000,1.000000,13.961191,50.260289
15.325848,-3.200000,1.000000,15.325848,55.173054
15.341517,-2.400000,1.000000,15.341517,55.229461
15.385939,-2.000000,1.000000,15.385939,55.389380
15.193475,-3.600000,1.000000,15.193475,54.696509
15.158537,-3.000000,1.000000,15.158537,54.570731
15.324991,-2.400000,1.000000,15.324991,55.169969
13.199461,-4.200000,1.000000,13.199461,47.518059
8.217305,-2.400000,1.000000,8.217305,29.582299
2.493157,-0.800000,1.000000,2.493157,8.975364
10.943472,-0.200000,2.000000,5.471736,19.698249
11.110538,0.000000,3.000000,3.703513,13.332646
12.381962,-5.400000,39.000000,0.317486,1.142950
11.440373,-2.400000,1.000000,11.440373,41.185344
14.372605,-5.800000,1.000000,14.372605,51.741377
13.455032,-1.600000,1.000000,13.455032,48.438114
12.191106,-3.800000,1.000000,12.191106,43.887982
11.294547,-4.200000,1.000000,11.294547,40.660370
9.705049,-2.400000,1.000000,9.705049,34.938176
8.596615,-2.000000,1.000000,8.596615,30.947815
8.386439,-1.200000,1.000000,8.386439,30.191179
8.272939,-0.600000,1.000000,8.272939,29.782579
8.275543,-0.600000,1.000000,8.275543,29.791955
10.300010,-4.000000,1.000000,10.300010,37.080037
10.878110,-2.600000,1.000000,10.878110,39.161194
12.486000,-5.200000,1.000000,12.486000,44.949601
12.418115,-2.800000,1.000000,12.418115,44.705214
12.932274,-2.400000,1.000000,12.932274,46.556186
13.758301,-3.600000,1.000000,13.758301,49.529885
13.173434,-3.000000,1.000000,13.173434,47.424364
22.309604,-4.600000,2.000000,11.154802,40.157287
9.912704,-2.000000,1.000000,9.912704,35.685735
10.223633,-1.800000,1.000000,10.223633,36.805077
12.437209,-6.200000,1.000000,12.437209,44.773954
11.567008,-2.800000,1.000000,11.567008,41.641230
13.018408,-4.000000,1.000000,13.018408,46.866268
13.913606,-1.800000,1.000000,13.913606,50.088980
15.059444,-5.800000,1.000000,15.059444,54.214000
13.612058,-2.200000,1.000000,13.612058,49.003410
13.144627,-5.400000,1.000000,13.144627,47.320656
12.954243,-1.600000,1.000000,12.954243,46.635273
12.416499,-3.200000,1.000000,12.416499,44.699396
12.475243,-4.200000,1.000000,12.475243,44.910876
11.889947,-3.200000,1.000000,11.889947,42.803808
12.582499,-3.200000,1.000000,12.582499,45.296996
12.696566,-2.200000,1.000000,12.696566,45.707637
13.838598,-5.000000,1.000000,13.838598,49.818953
13.891811,-4.000000,1.000000,13.891811,50.010520
12.631313,-3.600000,1.000000,12.631313,45.472728
12.884547,-2.800000,1.000000,12.884547,46.384370
12.827376,-3.600000,1.000000,12.827376,46.178555
12.077689,-4.200000,1.000000,12.077689,43.479679
12.691155,-2.800000,1.000000,12.691155,45.688160
12.301428,-3.400000,1.000000,12.301428,44.285140
14.236523,-6.600000,1.000000,14.236523,51.251484
11.686689,-1.800000,1.000000,11.686689,42.072080
12.135159,-3.000000,1.000000,12.135159,43.686571
13.493175,-2.800000,1.000000,13.493175,48.575431
14.209334,-3.200000,1.000000,14.209334,51.153602
15.511949,-4.000000,1.000000,15.511949,55.843016
17.727623,-5.600000,1.000000,17.727623,63.819444
18.448337,-4.800000,1.000000,18.448337,66.414013
19.726345,-7.200000,1.000000,19.726345,71.014841
19.332663,-2.400000,1.000000,19.332663,69.597586
20.212191,-2.800000,1.000000,20.212191,72.763887
18.745348,-2.200000,1.000000,18.745348,67.483251
17.797430,-4.000000,1.000000,17.797430,64.070748
16.228971,-3.000000,1.000000,16.228971,58.424296
15.664093,-1.200000,1.000000,15.664093,56.390733
15.208032,-1.000000,1.000000,15.208032,54.748914
15.083414,-0.600000,1.000000,15.083414,54.300291
13.854265,-1.800000,1.000000,13.854265,49.875352
13.544509,-1.200000,1.000000,13.544509,48.760231
12.762237,-1.200000,1.000000,12.762237,45.944054
12.477366,-1.000000,1.000000,12.477366,44.918517
11.240254,-3.600000,1.000000,11.240254,40.464913
9.949379,-1.200000,1.000000,9.949379,35.817766
6.339097,-2.600000,1.000000,6.339097,22.820750
3.250747,-1.200000,1.000000,3.250747,11.702691
5.830281,-0.200000,1.000000,5.830281,20.989010
5.475709,-0.200000,3.000000,1.825236,6.570851
5.496420,0.000000,1.000000,5.496420,19.787111
5.475715,0.200000,3.000000,1.825238,6.570858
5.931109,-2.400000,12.000000,0.494259,1.779333
6.211137,-2.800000,1.000000,6.211137,22.360095
9.772919,-2.200000,1.000000,9.772919,35.182510
12.496388,-2.000000,1.000000,12.496388,44.986995
14.139361,-2.800000,1.000000,14.139361,50.901698
15.855709,-6.000000,1.000000,15.855709,57.080553
15.828772,-4.600000,1.000000,15.828772,56.983578
16.751759,-5.000000,1.000000,16.751759,60.306333
16.948871,-2.200000,1.000000,16.948871,61.015936
18.803247,-7.600000,1.000000,18.803247,67.691688
18.452514,-4.000000,1.000000,18.452514,66.429049
19.192954,-3.200000,1.000000,19.192954,69.094635
20.105453,-4.800000,1.000000,20.105453,72.379630
20.231559,-2.000000,1.000000,20.231559,72.833614
21.458823,-4.800000,1.000000,21.458823,77.251764
21.185601,-2.800000,1.000000,21.185601,76.268162
20.335141,-3.800000,1.000000,20.335141,73.206507
19.093957,-1.400000,1.000000,19.093957,68.738245
20.190613,-8.400000,1.000000,20.190613,72.686205
33.665895,-1.800000,2.000000,16.832948,60.598612
15.286751,0.000000,1.000000,15.286751,55.032304
27.052005,1.200000,2.000000,13.526002,48.693609
21.289792,1.000000,2.000000,10.644896,38.321625
7.161210,0.400000,1.000000,7.161210,25.780356
7.689515,-0.200000,2.000000,3.844758,13.841128
8.657392,-0.200000,2.000000,4.328696,15.583306
6.416172,-0.200000,1.000000,6.416172,23.098220
6.416177,-0.200000,1.000000,6.416177,23.098235
6.416181,-0.200000,4.000000,1.604045,5.774563
6.416185,0.200000,3.000000,2.138728,7.699422
7.892242,-4.600000,18.000000,0.438458,1.578448
7.404796,-3.600000,1.000000,7.404796,26.657266
10.317625,-4.000000,1.000000,10.317625,37.143450
10.691786,-1.400000,1.000000,10.691786,38.490428
10.897597,-2.600000,1.000000,10.897597,39.231349
11.420314,-3.400000,1.000000,11.420314,41.113132
11.368885,-3.000000,1.000000,11.368885,40.927985
11.451423,-3.000000,1.000000,11.451423,41.225124
13.373321,-2.600000,1.000000,13.373321,48.143956
13.564284,-1.400000,1.000000,13.564284,48.831423
16.306023,-5.600000,1.000000,16.306023,58.701684
18.310393,-2.600000,1.000000,18.310393,65.917414
18.984433,-2.000000,1.000000,18.984433,68.343960
20.503376,-7.600000,1.000000,20.503376,73.812153
19.254901,-4.000000,1.000000,19.254901,69.317642
18.804845,-2.200000,1.000000,18.804845,67.697444
18.344417,-3.800000,1.000000,18.344417,66.039901
15.007757,-4.600000,1.000000,15.007757,54.027926
12.320468,-1.800000,1.000000,12.320468,44.353684
10.944624,-0.600000,1.000000,10.944624,39.400647
10.417895,-1.000000,1.000000,10.417895,37.504422
11.030636,-1.400000,1.000000,11.030636,39.710291
25.411891,-4.000000,2.000000,12.705946,45.741404
12.018544,-2.000000,1.000000,12.018544,43.266759
11.494786,-2.400000,1.000000,11.494786,41.381229
21.258403,-0.400000,2.000000,10.629201,38.265125
8.263574,0.200000,1.000000,8.263574,29.748868
12.822143,0.000000,2.000000,6.411072,23.079858
4.107409,0.000000,1.000000,4.107409,14.786672
2.533548,-0.200000,1.000000,2.533548,9.120772
1.875272,0.000000,2.000000,0.937636,3.375489
1.329579,0.200000,4.000000,0.332395,1.196621
0.076238,0.000000,1.000000,0.076238,0.274457
